experiment,data,model,run,design,fold,seed,r_max,lipschitz,product,bound_s,bound_dv,bound_v,v0,T,s0,a,b,speeds,scan_min,exact_min,v_exact_min,s_worst_exact_min,max_abs_diff,feasible_mismatch,n_worst_upper_end,n_worst_lower_end,n_worst_inside,n_holds_scan,n_holds_exact,n_holds_differ,holds_scan_all,holds_exact_all,rescan_max_abs_diff,sweep_speeds,sweep_min,v_sweep_min,sweep_n_fail,sweep_holds_all,limit_margin_min,v_limit_margin_min,bounded_all,within_share,n_outside,s_low_unclamped_min,s_high_unclamped_max,outside
e4_stable_r0.1,follownet_highd,residual_idm,driver_fold0_seed0,"core with margin 0.2, certified budget (D111)",0,0,0.1,1.845078560409416,0.1845078560409416,0.009225461618401822,0.09225461618401821,0.018450923236803644,35.213199615478516,0.9788587093353271,3.193310499191284,1.5670632123947144,0.5000092387199402,26,0.02171256363229168,0.02171256363229168,5.0,8.360515034000288,0.0,0,26,0,0,26,26,0,True,True,0.0,2501,0.02171256363229168,5.0,0,True,0.6415014304655234,30.0,True,1.0,0,7.842781132849953,50.88812605109695,
e4_stable_r0.1,follownet_highd,residual_idm,driver_fold0_seed1,"core with margin 0.2, certified budget (D111)",0,1,0.1,1.942519491856031,0.1942519491856031,0.009712653612053578,0.09712653612053578,0.019425307224107156,35.213199615478516,0.9788587093353271,3.193310499191284,1.5670632123947144,0.5000092387199402,26,0.014991777151195373,0.014991777151195373,5.0,8.360515034000288,0.0,0,26,0,0,26,26,0,True,True,0.0,2501,0.014991777151195373,5.0,0,True,0.6415014304655234,30.0,True,1.0,0,7.842781132849953,50.88812605109695,
e4_stable_r0.1,follownet_highd,residual_idm,driver_fold0_seed2,"core with margin 0.2, certified budget (D111)",0,2,0.1,1.884015383427704,0.1884015383427704,0.009420085296792995,0.09420085296792993,0.01884017059358599,35.213199615478516,0.9788587093353271,3.193310499191284,1.5670632123947144,0.5000092387199402,26,0.01902523541159784,0.01902523541159784,5.0,8.360515034000288,0.0,0,26,0,0,26,26,0,True,True,0.0,2501,0.01902523541159784,5.0,0,True,0.6415014304655234,30.0,True,1.0,0,7.842781132849953,50.88812605109695,
e4_stable_r0.1,follownet_highd,residual_idm,driver_fold0_seed3,"core with margin 0.2, certified budget (D111)",0,3,0.1,1.8908638997405898,0.189086389974059,0.009454510809922498,0.09454510809922498,0.018909021619844996,35.213199615478516,0.9788587093353271,3.193310499191284,1.5670632123947144,0.5000092387199402,26,0.01855024115701498,0.01855024115701498,5.0,8.360515034000288,0.0,0,26,0,0,26,26,0,True,True,0.0,2501,0.01855024115701498,5.0,0,True,0.6415014304655234,30.0,True,1.0,0,7.842781132849953,50.88812605109695,
e4_stable_r0.1,follownet_highd,residual_idm,driver_fold0_seed4,"core with margin 0.2, certified budget (D111)",0,4,0.1,1.9332041747588902,0.19332041747588902,0.009666033688168124,0.09666033688168123,0.01933206737633625,35.213199615478516,0.9788587093353271,3.193310499191284,1.5670632123947144,0.5000092387199402,26,0.01563399267551102,0.01563399267551102,5.0,8.360515034000288,0.0,0,26,0,0,26,26,0,True,True,0.0,2501,0.01563399267551102,5.0,0,True,0.6415014304655234,30.0,True,1.0,0,7.842781132849953,50.88812605109695,
e4_stable_r0.1,follownet_highd,residual_idm,driver_fold1_seed0,"core with margin 0.2, certified budget (D111)",1,0,0.1,1.8493320947166914,0.18493320947166914,0.00924669386714597,0.09246693867145969,0.01849338773429194,35.14104461669922,0.9873303771018982,3.2530648708343506,1.5770609378814697,0.5000016689300537,26,0.021741126887712903,0.021741126887712903,5.0,8.464259232025428,0.0,0,26,0,0,26,26,0,True,True,0.0,2501,0.021741126887712903,5.0,0,True,0.6393873459933674,30.0,True,1.0,0,7.943326316431892,51.62751767392597,
e4_stable_r0.1,follownet_highd,residual_idm,driver_fold1_seed1,"core with margin 0.2, certified budget (D111)",1,1,0.1,1.9469976606876755,0.19469976606876757,0.009735016432522581,0.09735016432522581,0.019470032865045162,35.14104461669922,0.9873303771018982,3.2530648708343506,1.5770609378814697,0.5000016689300537,26,0.01501146956535615,0.01501146956535615,5.0,8.464259232025428,0.0,0,26,0,0,26,26,0,True,True,0.0,2501,0.01501146956535615,5.0,0,True,0.6393873459933674,30.0,True,1.0,0,7.943326316431892,51.62751767392597,
e4_stable_r0.1,follownet_highd,residual_idm,driver_fold1_seed2,"core with margin 0.2, certified budget (D111)",1,2,0.1,1.8883586803695245,0.18883586803695246,0.00944181759851632,0.0944181759851632,0.01888363519703264,35.14104461669922,0.9873303771018982,3.2530648708343506,1.5770609378814697,0.5000016689300537,26,0.019049575919249273,0.019049575919249273,5.0,8.464259232025428,0.0,0,26,0,0,26,26,0,True,True,0.0,2501,0.019049575919249273,5.0,0,True,0.6393873459933674,30.0,True,1.0,0,7.943326316431892,51.62751767392597,
e4_stable_r0.1,follownet_highd,residual_idm,driver_fold1_seed3,"core with margin 0.2, certified budget (D111)",1,3,0.1,1.8952229848443436,0.18952229848443436,0.00947615817344735,0.0947615817344735,0.0189523163468947,35.14104461669922,0.9873303771018982,3.2530648708343506,1.5770609378814697,0.5000016689300537,26,0.01857622624357358,0.01857622624357358,5.0,8.464259232025428,0.0,0,26,0,0,26,26,0,True,True,0.0,2501,0.01857622624357358,5.0,0,True,0.6393873459933674,30.0,True,1.0,0,7.943326316431892,51.62751767392597,
e4_stable_r0.1,follownet_highd,residual_idm,driver_fold1_seed4,"core with margin 0.2, certified budget (D111)",1,4,0.1,1.93766086861288,0.19376608686128802,0.009688417526324636,0.09688417526324636,0.019376835052649272,35.14104461669922,0.9873303771018982,3.2530648708343506,1.5770609378814697,0.5000016689300537,26,0.015652751423229527,0.015652751423229527,5.0,8.464259232025428,0.0,0,26,0,0,26,26,0,True,True,0.0,2501,0.015652751423229527,5.0,0,True,0.6393873459933674,30.0,True,1.0,0,7.943326316431892,51.62751767392597,
e4_stable_r0.1,follownet_highd,residual_idm,driver_fold2_seed0,"core with margin 0.2, certified budget (D111)",2,0,0.1,1.8516161753565625,0.18516161753565627,0.009258122015165625,0.09258122015165625,0.01851624403033125,35.151615142822266,0.9875276684761047,3.251380443572998,1.5769108533859253,0.5000206232070923,26,0.021768691175321875,0.021768691175321875,5.0,8.463562916271574,0.0,0,26,0,0,26,26,0,True,True,0.0,2501,0.021768691175321875,5.0,0,True,0.6403240256133206,30.0,True,1.0,0,7.942624957211953,51.59393292755688,
e4_stable_r0.1,follownet_highd,residual_idm,driver_fold2_seed1,"core with margin 0.2, certified budget (D111)",2,1,0.1,1.9494023665138251,0.19494023665138252,0.009747051747430749,0.09747051747430747,0.019494103494861498,35.151615142822266,0.9875276684761047,3.251380443572998,1.5769108533859253,0.5000206232070923,26,0.015030385238532395,0.015030385238532395,5.0,8.463562916271574,0.0,0,26,0,0,26,26,0,True,True,0.0,2501,0.015030385238532395,5.0,0,True,0.6403240256133206,30.0,True,1.0,0,7.942624957211953,51.59393292755688,
e4_stable_r0.1,follownet_highd,residual_idm,driver_fold2_seed2,"core with margin 0.2, certified budget (D111)",2,2,0.1,1.8906909621242654,0.18906909621242654,0.009453483998602769,0.09453483998602767,0.018906967997205537,35.151615142822266,0.9875276684761047,3.251380443572998,1.5769108533859253,0.5000206232070923,26,0.019073738232809667,0.019073738232809667,5.0,8.463562916271574,0.0,0,26,0,0,26,26,0,True,True,0.0,2501,0.019073738232809667,5.0,0,True,0.6403240256133206,30.0,True,1.0,0,7.942624957211953,51.59393292755688,
e4_stable_r0.1,follownet_highd,residual_idm,driver_fold2_seed3,"core with margin 0.2, certified budget (D111)",2,3,0.1,1.8975637445923026,0.18975637445923027,0.009487859672482083,0.09487859672482082,0.018975719344964167,35.151615142822266,0.9875276684761047,3.251380443572998,1.5769108533859253,0.5000206232070923,26,0.018599884842908754,0.018599884842908754,5.0,8.463562916271574,0.0,0,26,0,0,26,26,0,True,True,0.0,2501,0.018599884842908754,5.0,0,True,0.6403240256133206,30.0,True,1.0,0,7.942624957211953,51.59393292755688,
e4_stable_r0.1,follownet_highd,residual_idm,driver_fold2_seed4,"core with margin 0.2, certified budget (D111)",2,4,0.1,1.9400540427157238,0.1940054042715724,0.00970075846675126,0.0970075846675126,0.01940151693350252,35.151615142822266,0.9875276684761047,3.251380443572998,1.5769108533859253,0.5000206232070923,26,0.015667485918786195,0.015667485918786195,5.0,8.463562916271574,0.0,0,26,0,0,26,26,0,True,True,0.0,2501,0.015667485918786195,5.0,0,True,0.6403240256133206,30.0,True,1.0,0,7.942624957211953,51.59393292755688,
e4_stable_r0.1,follownet_highd,residual_idm,driver_fold3_seed0,"core with margin 0.2, certified budget (D111)",3,0,0.1,1.8580409917118097,0.185804099171181,0.009290287382860756,0.09290287382860755,0.018580574765721513,35.17245101928711,0.9923809766769409,3.2756454944610596,1.5805469751358032,0.5000129342079163,26,0.0218289538762948,0.0218289538762948,5.0,8.513053874433623,0.0,0,26,0,0,26,26,0,True,True,0.0,2501,0.0218289538762948,5.0,0,True,0.6440162579592164,30.0,True,1.0,0,7.99024099107998,51.77120956371424,
e4_stable_r0.1,follownet_highd,residual_idm,driver_fold3_seed1,"core with margin 0.2, certified budget (D111)",3,1,0.1,1.9561664855434746,0.19561664855434746,0.009781045648376938,0.09781045648376936,0.019562091296753875,35.17245101928711,0.9923809766769409,3.2756454944610596,1.5805469751358032,0.5000129342079163,26,0.015069906743755745,0.015069906743755745,5.0,8.513053874433623,0.0,0,26,0,0,26,26,0,True,True,0.0,2501,0.015069906743755745,5.0,0,True,0.6440162579592164,30.0,True,1.0,0,7.99024099107998,51.77120956371424,
e4_stable_r0.1,follownet_highd,residual_idm,driver_fold3_seed2,"core with margin 0.2, certified budget (D111)",3,2,0.1,1.8972513618322853,0.18972513618322853,0.009486316648435224,0.09486316648435222,0.018972633296870448,35.17245101928711,0.9923809766769409,3.2756454944610596,1.5805469751358032,0.5000129342079163,26,0.01912656716953931,0.01912656716953931,5.0,8.513053874433623,0.0,0,26,0,0,26,26,0,True,True,0.0,2501,0.01912656716953931,5.0,0,True,0.6440162579592164,30.0,True,1.0,0,7.99024099107998,51.77120956371424,
e4_stable_r0.1,follownet_highd,residual_idm,driver_fold3_seed3,"core with margin 0.2, certified budget (D111)",3,3,0.1,1.9041479917724897,0.190414799177249,0.009520760484533897,0.09520760484533897,0.019041520969067794,35.17245101928711,0.9923809766769409,3.2756454944610596,1.5805469751358032,0.5000129342079163,26,0.01865208651616146,0.01865208651616146,5.0,8.513053874433623,0.0,0,26,0,0,26,26,0,True,True,0.0,2501,0.01865208651616146,5.0,0,True,0.6440162579592164,30.0,True,1.0,0,7.99024099107998,51.77120956371424,
e4_stable_r0.1,follownet_highd,residual_idm,driver_fold3_seed4,"core with margin 0.2, certified budget (D111)",3,4,0.1,1.9467857245348803,0.19467857245348805,0.009734228508089554,0.09734228508089553,0.019468457016179108,35.17245101928711,0.9923809766769409,3.2756454944610596,1.5805469751358032,0.5000129342079163,26,0.01571378883883412,0.01571378883883412,5.0,8.513053874433623,0.0,0,26,0,0,26,26,0,True,True,0.0,2501,0.01571378883883412,5.0,0,True,0.6440162579592164,30.0,True,1.0,0,7.99024099107998,51.77120956371424,
e4_stable_r0.1,follownet_highd,residual_idm,driver_fold4_seed0,"core with margin 0.2, certified budget (D111)",4,0,0.1,1.851513596426066,0.18515135964260662,0.009257646886225707,0.09257646886225707,0.018515293772451414,35.32887268066406,0.9886175394058228,3.2418761253356934,1.573002576828003,0.5000132322311401,26,0.02174671206414469,0.02174671206414469,5.0,8.460047115789036,0.0,0,26,0,0,26,26,0,True,True,0.0,2501,0.02174671206414469,5.0,0,True,0.6551117554335375,30.0,True,1.0,0,7.938073280845656,50.98098583617953,
e4_stable_r0.1,follownet_highd,residual_idm,driver_fold4_seed1,"core with margin 0.2, certified budget (D111)",4,1,0.1,1.9492943702603227,0.19492943702603227,0.00974655626688248,0.09746556266882479,0.01949311253376496,35.32887268066406,0.9886175394058228,3.2418761253356934,1.573002576828003,0.5000132322311401,26,0.015014936750274765,0.015014936750274765,5.0,8.460047115789036,0.0,0,26,0,0,26,26,0,True,True,0.0,2501,0.015014936750274765,5.0,0,True,0.6551117554335375,30.0,True,1.0,0,7.938073280845656,50.98098583617953,
e4_stable_r0.1,follownet_highd,residual_idm,driver_fold4_seed2,"core with margin 0.2, certified budget (D111)",4,2,0.1,1.8905862184633626,0.18905862184633626,0.0094530026054147,0.094530026054147,0.0189060052108294,35.32887268066406,0.9886175394058228,3.2418761253356934,1.573002576828003,0.5000132322311401,26,0.01905434305333875,0.01905434305333875,5.0,8.460047115789036,0.0,0,26,0,0,26,26,0,True,True,0.0,2501,0.01905434305333875,5.0,0,True,0.6551117554335375,30.0,True,1.0,0,7.938073280845656,50.98098583617953,
e4_stable_r0.1,follownet_highd,residual_idm,driver_fold4_seed3,"core with margin 0.2, certified budget (D111)",4,3,0.1,1.8974586201814987,0.18974586201814989,0.009487334861870821,0.0948733486187082,0.018974669723741643,35.32887268066406,0.9886175394058228,3.2418761253356934,1.573002576828003,0.5000132322311401,26,0.01858152699783222,0.01858152699783222,5.0,8.460047115789036,0.0,0,26,0,0,26,26,0,True,True,0.0,2501,0.01858152699783222,5.0,0,True,0.6551117554335375,30.0,True,1.0,0,7.938073280845656,50.98098583617953,
e4_stable_r0.1,follownet_highd,residual_idm,driver_fold4_seed4,"core with margin 0.2, certified budget (D111)",4,4,0.1,1.939946564356302,0.19399465643563021,0.009699774007678451,0.09699774007678451,0.019399548015356902,35.32887268066406,0.9886175394058228,3.2418761253356934,1.573002576828003,0.5000132322311401,26,0.01565816987678126,0.01565816987678126,5.0,8.460047115789036,0.0,0,26,0,0,26,26,0,True,True,0.0,2501,0.01565816987678126,5.0,0,True,0.6551117554335375,30.0,True,1.0,0,7.938073280845656,50.98098583617953,
e4_stable_ft_r0.1,ngsim_i80,residual_idm,driver_fold0_seed0,"core with margin 0.2, certified budget, fine-tuned (D111)",0,0,0.1,1.845078560409416,0.1845078560409416,0.009225400179047686,0.09225400179047687,0.018450800358095373,35.213199615478516,0.9788587093353271,3.193310499191284,1.5670632123947144,0.5000092387199402,26,0.02171341250197567,0.02171341250197567,5.0,8.360515034000288,0.0,0,26,0,0,26,26,0,True,True,0.0,2501,0.02171341250197567,5.0,0,True,0.6415014304655234,30.0,True,1.0,0,7.842781132849953,50.88812605109695,
e4_stable_ft_r0.1,ngsim_i80,residual_idm,driver_fold0_seed1,"core with margin 0.2, certified budget, fine-tuned (D111)",0,1,0.1,1.942519491856031,0.1942519491856031,0.00971262151395614,0.09712621513956139,0.01942524302791228,35.213199615478516,0.9788587093353271,3.193310499191284,1.5670632123947144,0.5000092387199402,26,0.014992219254642336,0.014992219254642336,5.0,8.360515034000288,0.0,0,26,0,0,26,26,0,True,True,0.0,2501,0.014992219254642336,5.0,0,True,0.6415014304655234,30.0,True,1.0,0,7.842781132849953,50.88812605109695,
e4_stable_ft_r0.1,ngsim_i80,residual_idm,driver_fold0_seed2,"core with margin 0.2, certified budget, fine-tuned (D111)",0,2,0.1,1.884015383427704,0.1884015383427704,0.009420122113701315,0.09420122113701314,0.01884024422740263,35.213199615478516,0.9788587093353271,3.193310499191284,1.5670632123947144,0.5000092387199402,26,0.019024727365788197,0.019024727365788197,5.0,8.360515034000288,0.0,0,26,0,0,26,26,0,True,True,0.0,2501,0.019024727365788197,5.0,0,True,0.6415014304655234,30.0,True,1.0,0,7.842781132849953,50.88812605109695,
e4_stable_ft_r0.1,ngsim_i80,residual_idm,driver_fold0_seed3,"core with margin 0.2, certified budget, fine-tuned (D111)",0,3,0.1,1.8908638997405898,0.189086389974059,0.009454365255849044,0.09454365255849044,0.01890873051169809,35.213199615478516,0.9788587093353271,3.193310499191284,1.5670632123947144,0.5000092387199402,26,0.01855224925462906,0.01855224925462906,5.0,8.360515034000288,0.0,0,26,0,0,26,26,0,True,True,0.0,2501,0.01855224925462906,5.0,0,True,0.6415014304655234,30.0,True,1.0,0,7.842781132849953,50.88812605109695,
e4_stable_ft_r0.1,ngsim_i80,residual_idm,driver_fold0_seed4,"core with margin 0.2, certified budget, fine-tuned (D111)",0,4,0.1,1.9332041747588902,0.19332041747588902,0.009666038663367888,0.09666038663367887,0.019332077326735777,35.213199615478516,0.9788587093353271,3.193310499191284,1.5670632123947144,0.5000092387199402,26,0.015633924129147436,0.015633924129147436,5.0,8.360515034000288,0.0,0,26,0,0,26,26,0,True,True,0.0,2501,0.015633924129147436,5.0,0,True,0.6415014304655234,30.0,True,1.0,0,7.842781132849953,50.88812605109695,
e4_stable_ft_r0.1,ngsim_i80,residual_idm,driver_fold1_seed0,"core with margin 0.2, certified budget, fine-tuned (D111)",1,0,0.1,1.8493320947166914,0.18493320947166914,0.009247279533606987,0.09247279533606986,0.018494559067213975,35.14104461669922,0.9873303771018982,3.2530648708343506,1.5770609378814697,0.5000016689300537,26,0.02173304314875968,0.02173304314875968,5.0,8.464259232025428,0.0,0,26,0,0,26,26,0,True,True,0.0,2501,0.02173304314875968,5.0,0,True,0.6393873459933674,30.0,True,1.0,0,7.943326316431892,51.62751767392597,
e4_stable_ft_r0.1,ngsim_i80,residual_idm,driver_fold1_seed1,"core with margin 0.2, certified budget, fine-tuned (D111)",1,1,0.1,1.9469976606876755,0.19469976606876757,0.009735182569449686,0.09735182569449685,0.01947036513889937,35.14104461669922,0.9873303771018982,3.2530648708343506,1.5770609378814697,0.5000016689300537,26,0.015009183574633211,0.015009183574633211,5.0,8.464259232025428,0.0,0,26,0,0,26,26,0,True,True,0.0,2501,0.015009183574633211,5.0,0,True,0.6393873459933674,30.0,True,1.0,0,7.943326316431892,51.62751767392597,
e4_stable_ft_r0.1,ngsim_i80,residual_idm,driver_fold1_seed2,"core with margin 0.2, certified budget, fine-tuned (D111)",1,2,0.1,1.8883586803695245,0.18883586803695246,0.00944180899170026,0.0944180899170026,0.01888361798340052,35.14104461669922,0.9873303771018982,3.2530648708343506,1.5770609378814697,0.5000016689300537,26,0.019049694568406994,0.019049694568406994,5.0,8.464259232025428,0.0,0,26,0,0,26,26,0,True,True,0.0,2501,0.019049694568406994,5.0,0,True,0.6393873459933674,30.0,True,1.0,0,7.943326316431892,51.62751767392597,
e4_stable_ft_r0.1,ngsim_i80,residual_idm,driver_fold1_seed3,"core with margin 0.2, certified budget, fine-tuned (D111)",1,3,0.1,1.8952229848443436,0.18952229848443436,0.009476240493118624,0.09476240493118623,0.01895248098623725,35.14104461669922,0.9873303771018982,3.2530648708343506,1.5770609378814697,0.5000016689300537,26,0.018575091675846256,0.018575091675846256,5.0,8.464259232025428,0.0,0,26,0,0,26,26,0,True,True,0.0,2501,0.018575091675846256,5.0,0,True,0.6393873459933674,30.0,True,1.0,0,7.943326316431892,51.62751767392597,
e4_stable_ft_r0.1,ngsim_i80,residual_idm,driver_fold1_seed4,"core with margin 0.2, certified budget, fine-tuned (D111)",1,4,0.1,1.93766086861288,0.19376608686128802,0.009688443912806564,0.09688443912806564,0.01937688782561313,35.14104461669922,0.9873303771018982,3.2530648708343506,1.5770609378814697,0.5000016689300537,26,0.015652388245353088,0.015652388245353088,5.0,8.464259232025428,0.0,0,26,0,0,26,26,0,True,True,0.0,2501,0.015652388245353088,5.0,0,True,0.6393873459933674,30.0,True,1.0,0,7.943326316431892,51.62751767392597,
e4_stable_ft_r0.1,ngsim_i80,residual_idm,driver_fold2_seed0,"core with margin 0.2, certified budget, fine-tuned (D111)",2,0,0.1,1.8516161753565625,0.18516161753565627,0.00925821405150268,0.09258214051502679,0.01851642810300536,35.151615142822266,0.9875276684761047,3.251380443572998,1.5769108533859253,0.5000206232070923,26,0.021767420774200796,0.021767420774200796,5.0,8.463562916271574,0.0,0,26,0,0,26,26,0,True,True,0.0,2501,0.021767420774200796,5.0,0,True,0.6403240256133206,30.0,True,1.0,0,7.942624957211953,51.59393292755688,
e4_stable_ft_r0.1,ngsim_i80,residual_idm,driver_fold2_seed1,"core with margin 0.2, certified budget, fine-tuned (D111)",2,1,0.1,1.9494023665138251,0.19494023665138252,0.009747073212936259,0.09747073212936258,0.019494146425872518,35.151615142822266,0.9875276684761047,3.251380443572998,1.5769108533859253,0.5000206232070923,26,0.015030089868169116,0.015030089868169116,5.0,8.463562916271574,0.0,0,26,0,0,26,26,0,True,True,0.0,2501,0.015030089868169116,5.0,0,True,0.6403240256133206,30.0,True,1.0,0,7.942624957211953,51.59393292755688,
e4_stable_ft_r0.1,ngsim_i80,residual_idm,driver_fold2_seed2,"core with margin 0.2, certified budget, fine-tuned (D111)",2,2,0.1,1.8906909621242654,0.18906909621242654,0.00945366916631644,0.09453669166316439,0.01890733833263288,35.151615142822266,0.9875276684761047,3.251380443572998,1.5769108533859253,0.5000206232070923,26,0.019071185499591192,0.019071185499591192,5.0,8.463562916271574,0.0,0,26,0,0,26,26,0,True,True,0.0,2501,0.019071185499591192,5.0,0,True,0.6403240256133206,30.0,True,1.0,0,7.942624957211953,51.59393292755688,
e4_stable_ft_r0.1,ngsim_i80,residual_idm,driver_fold2_seed3,"core with margin 0.2, certified budget, fine-tuned (D111)",2,3,0.1,1.8975637445923026,0.18975637445923027,0.009487852289458542,0.09487852289458541,0.018975704578917084,35.151615142822266,0.9875276684761047,3.251380443572998,1.5769108533859253,0.5000206232070923,26,0.018599986603443086,0.018599986603443086,5.0,8.463562916271574,0.0,0,26,0,0,26,26,0,True,True,0.0,2501,0.018599986603443086,5.0,0,True,0.6403240256133206,30.0,True,1.0,0,7.942624957211953,51.59393292755688,
e4_stable_ft_r0.1,ngsim_i80,residual_idm,driver_fold2_seed4,"core with margin 0.2, certified budget, fine-tuned (D111)",2,4,0.1,1.9400540427157238,0.1940054042715724,0.009700294704141276,0.09700294704141275,0.019400589408282553,35.151615142822266,0.9875276684761047,3.251380443572998,1.5769108533859253,0.5000206232070923,26,0.01567386929966863,0.01567386929966863,5.0,8.463562916271574,0.0,0,26,0,0,26,26,0,True,True,0.0,2501,0.01567386929966863,5.0,0,True,0.6403240256133206,30.0,True,1.0,0,7.942624957211953,51.59393292755688,
e4_stable_ft_r0.1,ngsim_i80,residual_idm,driver_fold3_seed0,"core with margin 0.2, certified budget, fine-tuned (D111)",3,0,0.1,1.8580409917118097,0.185804099171181,0.009290220294769544,0.09290220294769544,0.018580440589539088,35.17245101928711,0.9923809766769409,3.2756454944610596,1.5805469751358032,0.5000129342079163,26,0.021829879306675348,0.021829879306675348,5.0,8.513053874433623,0.0,0,26,0,0,26,26,0,True,True,0.0,2501,0.021829879306675348,5.0,0,True,0.6440162579592164,30.0,True,1.0,0,7.99024099107998,51.77120956371424,
e4_stable_ft_r0.1,ngsim_i80,residual_idm,driver_fold3_seed1,"core with margin 0.2, certified budget, fine-tuned (D111)",3,1,0.1,1.9561664855434746,0.19561664855434746,0.009780987250449416,0.09780987250449416,0.019561974500898832,35.17245101928711,0.9923809766769409,3.2756454944610596,1.5805469751358032,0.5000129342079163,26,0.01507070977774605,0.01507070977774605,5.0,8.513053874433623,0.0,0,26,0,0,26,26,0,True,True,0.0,2501,0.01507070977774605,5.0,0,True,0.6440162579592164,30.0,True,1.0,0,7.99024099107998,51.77120956371424,
e4_stable_ft_r0.1,ngsim_i80,residual_idm,driver_fold3_seed2,"core with margin 0.2, certified budget, fine-tuned (D111)",3,2,0.1,1.8972513618322853,0.18972513618322853,0.009486561455369682,0.09486561455369681,0.018973122910739364,35.17245101928711,0.9923809766769409,3.2756454944610596,1.5805469751358032,0.5000129342079163,26,0.01912319446615829,0.01912319446615829,5.0,8.513053874433623,0.0,0,26,0,0,26,26,0,True,True,0.0,2501,0.01912319446615829,5.0,0,True,0.6440162579592164,30.0,True,1.0,0,7.99024099107998,51.77120956371424,
e4_stable_ft_r0.1,ngsim_i80,residual_idm,driver_fold3_seed3,"core with margin 0.2, certified budget, fine-tuned (D111)",3,3,0.1,1.9041479917724897,0.190414799177249,0.009520785270464356,0.09520785270464356,0.019041570540928712,35.17245101928711,0.9923809766769409,3.2756454944610596,1.5805469751358032,0.5000129342079163,26,0.01865174511546286,0.01865174511546286,5.0,8.513053874433623,0.0,0,26,0,0,26,26,0,True,True,0.0,2501,0.01865174511546286,5.0,0,True,0.6440162579592164,30.0,True,1.0,0,7.99024099107998,51.77120956371424,
e4_stable_ft_r0.1,ngsim_i80,residual_idm,driver_fold3_seed4,"core with margin 0.2, certified budget, fine-tuned (D111)",3,4,0.1,1.9467857245348803,0.19467857245348805,0.009734055333850276,0.09734055333850275,0.01946811066770055,35.17245101928711,0.9923809766769409,3.2756454944610596,1.5805469751358032,0.5000129342079163,26,0.015716170884260583,0.015716170884260583,5.0,8.513053874433623,0.0,0,26,0,0,26,26,0,True,True,0.0,2501,0.015716170884260583,5.0,0,True,0.6440162579592164,30.0,True,1.0,0,7.99024099107998,51.77120956371424,
e4_stable_ft_r0.1,ngsim_i80,residual_idm,driver_fold4_seed0,"core with margin 0.2, certified budget, fine-tuned (D111)",4,0,0.1,1.851513596426066,0.18515135964260662,0.009257670758042255,0.09257670758042255,0.01851534151608451,35.32887268066406,0.9886175394058228,3.2418761253356934,1.573002576828003,0.5000132322311401,26,0.021746382860473257,0.021746382860473257,5.0,8.460047115789036,0.0,0,26,0,0,26,26,0,True,True,0.0,2501,0.021746382860473257,5.0,0,True,0.6551117554335375,30.0,True,1.0,0,7.938073280845656,50.98098583617953,
e4_stable_ft_r0.1,ngsim_i80,residual_idm,driver_fold4_seed1,"core with margin 0.2, certified budget, fine-tuned (D111)",4,1,0.1,1.9492943702603227,0.19492943702603227,0.009746494108566282,0.09746494108566281,0.019492988217132565,35.32887268066406,0.9886175394058228,3.2418761253356934,1.573002576828003,0.5000132322311401,26,0.015015791268868095,0.015015791268868095,5.0,8.460047115789036,0.0,0,26,0,0,26,26,0,True,True,0.0,2501,0.015015791268868095,5.0,0,True,0.6551117554335375,30.0,True,1.0,0,7.938073280845656,50.98098583617953,
e4_stable_ft_r0.1,ngsim_i80,residual_idm,driver_fold4_seed2,"core with margin 0.2, certified budget, fine-tuned (D111)",4,2,0.1,1.8905862184633626,0.18905862184633626,0.00945296038268304,0.09452960382683039,0.01890592076536608,35.32887268066406,0.9886175394058228,3.2418761253356934,1.573002576828003,0.5000132322311401,26,0.019054924599091416,0.019054924599091416,5.0,8.460047115789036,0.0,0,26,0,0,26,26,0,True,True,0.0,2501,0.019054924599091416,5.0,0,True,0.6551117554335375,30.0,True,1.0,0,7.938073280845656,50.98098583617953,
e4_stable_ft_r0.1,ngsim_i80,residual_idm,driver_fold4_seed3,"core with margin 0.2, certified budget, fine-tuned (D111)",4,3,0.1,1.8974586201814987,0.18974586201814989,0.009487294007941904,0.09487294007941903,0.01897458801588381,35.32887268066406,0.9886175394058228,3.2418761253356934,1.573002576828003,0.5000132322311401,26,0.0185820895672415,0.0185820895672415,5.0,8.460047115789036,0.0,0,26,0,0,26,26,0,True,True,0.0,2501,0.0185820895672415,5.0,0,True,0.6551117554335375,30.0,True,1.0,0,7.938073280845656,50.98098583617953,
e4_stable_ft_r0.1,ngsim_i80,residual_idm,driver_fold4_seed4,"core with margin 0.2, certified budget, fine-tuned (D111)",4,4,0.1,1.939946564356302,0.19399465643563021,0.009699768237349377,0.09699768237349377,0.019399536474698754,35.32887268066406,0.9886175394058228,3.2418761253356934,1.573002576828003,0.5000132322311401,26,0.01565824922785619,0.01565824922785619,5.0,8.460047115789036,0.0,0,26,0,0,26,26,0,True,True,0.0,2501,0.01565824922785619,5.0,0,True,0.6551117554335375,30.0,True,1.0,0,7.938073280845656,50.98098583617953,
e4_stable_r0.2,follownet_highd,residual_idm,driver_fold0_seed0,"core with margin 0.2, certified budget (D111)",0,0,0.2,0.7068631874302939,0.14137263748605877,0.007068892210270342,0.07068892210270342,0.014137784420540684,35.213199615478516,0.9788587093353271,3.193310499191284,1.5670632123947144,0.5000092387199402,26,0.01584194852211751,0.01584194852211751,5.0,8.661040062679062,0.0,0,26,0,0,26,26,0,True,True,0.0,2501,0.01584194852211751,5.0,0,True,0.5415014304655235,30.0,True,1.0,0,7.6175513266212365,55.38797261178229,
e4_stable_r0.2,follownet_highd,residual_idm,driver_fold0_seed1,"core with margin 0.2, certified budget (D111)",0,1,0.2,0.7441935260220812,0.14883870520441625,0.007441986666589859,0.07441986666589859,0.014883973333179718,35.213199615478516,0.9788587093353271,3.193310499191284,1.5670632123947144,0.5000092387199402,26,0.010943434488713155,0.010943434488713155,5.0,8.661040062679062,0.0,0,26,0,0,26,26,0,True,True,0.0,2501,0.010943434488713155,5.0,0,True,0.5415014304655235,30.0,True,1.0,0,7.6175513266212365,55.38797261178229,
e4_stable_r0.2,follownet_highd,residual_idm,driver_fold0_seed2,"core with margin 0.2, certified budget (D111)",0,2,0.2,0.7217801711391116,0.14435603422782234,0.007217826846865137,0.07217826846865137,0.014435653693730274,35.213199615478516,0.9788587093353271,3.193310499191284,1.5670632123947144,0.5000092387199402,26,0.013885054092110938,0.013885054092110938,5.0,8.661040062679062,0.0,0,26,0,0,26,26,0,True,True,0.0,2501,0.013885054092110938,5.0,0,True,0.5415014304655235,30.0,True,1.0,0,7.6175513266212365,55.38797261178229,
e4_stable_r0.2,follownet_highd,residual_idm,driver_fold0_seed3,"core with margin 0.2, certified budget (D111)",0,3,0.2,0.7244038881850791,0.14488077763701582,0.007244109605943948,0.07244109605943948,0.014488219211887896,35.213199615478516,0.9788587093353271,3.193310499191284,1.5670632123947144,0.5000092387199402,26,0.013539920095094415,0.013539920095094415,5.0,8.661040062679062,0.0,0,26,0,0,26,26,0,True,True,0.0,2501,0.013539920095094415,5.0,0,True,0.5415014304655235,30.0,True,1.0,0,7.6175513266212365,55.38797261178229,
e4_stable_r0.2,follownet_highd,residual_idm,driver_fold0_seed4,"core with margin 0.2, certified budget (D111)",0,4,0.2,0.7406247594250925,0.1481249518850185,0.007406260873601359,0.07406260873601359,0.014812521747202718,35.213199615478516,0.9788587093353271,3.193310499191284,1.5670632123947144,0.5000092387199402,26,0.011411963128870606,0.011411963128870606,5.0,8.661040062679062,0.0,0,26,0,0,26,26,0,True,True,0.0,2501,0.011411963128870606,5.0,0,True,0.5415014304655235,30.0,True,1.0,0,7.6175513266212365,55.38797261178229,
e4_stable_r0.2,follownet_highd,residual_idm,driver_fold1_seed0,"core with margin 0.2, certified budget (D111)",1,0,0.2,0.7108884092275908,0.14217768184551816,0.0071089475146331495,0.07108947514633149,0.014217895029266299,35.14104461669922,0.9873303771018982,3.2530648708343506,1.5770609378814697,0.5000016689300537,26,0.015923736480058404,0.015923736480058404,5.0,8.766343546404663,0.0,0,26,0,0,26,26,0,True,True,0.0,2501,0.015923736480058404,5.0,0,True,0.5393873459933674,30.0,True,1.0,0,7.716510547746996,56.20990944949294,
e4_stable_r0.2,follownet_highd,residual_idm,driver_fold1_seed1,"core with margin 0.2, certified budget (D111)",1,1,0.2,0.7484313248714473,0.14968626497428947,0.0074843489091936935,0.07484348909193693,0.014968697818387387,35.14104461669922,0.9873303771018982,3.2530648708343506,1.5770609378814697,0.5000016689300537,26,0.010998254153974263,0.010998254153974263,5.0,8.766343546404663,0.0,0,26,0,0,26,26,0,True,True,0.0,2501,0.010998254153974263,5.0,0,True,0.5393873459933674,30.0,True,1.0,0,7.716510547746996,56.20990944949294,
e4_stable_r0.2,follownet_highd,residual_idm,driver_fold1_seed2,"core with margin 0.2, certified budget (D111)",1,2,0.2,0.7258903374759493,0.14517806749518988,0.007258938192309808,0.07258938192309808,0.014517876384619616,35.14104461669922,0.9873303771018982,3.2530648708343506,1.5770609378814697,0.5000016689300537,26,0.013954284856648513,0.013954284856648513,5.0,8.766343546404663,0.0,0,26,0,0,26,26,0,True,True,0.0,2501,0.013954284856648513,5.0,0,True,0.5393873459933674,30.0,True,1.0,0,7.716510547746996,56.20990944949294,
e4_stable_r0.2,follownet_highd,residual_idm,driver_fold1_seed3,"core with margin 0.2, certified budget (D111)",1,3,0.2,0.728528995239203,0.14570579904784062,0.007285346923325309,0.07285346923325309,0.014570693846650619,35.14104461669922,0.9873303771018982,3.2530648708343506,1.5770609378814697,0.5000016689300537,26,0.013607730158124887,0.013607730158124887,5.0,8.766343546404663,0.0,0,26,0,0,26,26,0,True,True,0.0,2501,0.013607730158124887,5.0,0,True,0.5393873459933674,30.0,True,1.0,0,7.716510547746996,56.20990944949294,
e4_stable_r0.2,follownet_highd,residual_idm,driver_fold1_seed4,"core with margin 0.2, certified budget (D111)",1,4,0.2,0.7448422359867075,0.1489684471973415,0.0074484375860504135,0.07448437586050413,0.014896875172100827,35.14104461669922,0.9873303771018982,3.2530648708343506,1.5770609378814697,0.5000016689300537,26,0.011468894951579323,0.011468894951579323,5.0,8.766343546404663,0.0,0,26,0,0,26,26,0,True,True,0.0,2501,0.011468894951579323,5.0,0,True,0.5393873459933674,30.0,True,1.0,0,7.716510547746996,56.20990944949294,
e4_stable_r0.2,follownet_highd,residual_idm,driver_fold2_seed0,"core with margin 0.2, certified budget (D111)",2,0,0.2,0.7119275284858603,0.14238550569717207,0.007119290469159894,0.07119290469159893,0.014238580938319787,35.151615142822266,0.9875276684761047,3.251380443572998,1.5769108533859253,0.5000206232070923,26,0.015948157457186474,0.015948157457186474,5.0,8.765654571267417,0.0,0,26,0,0,26,26,0,True,True,0.0,2501,0.015948157457186474,5.0,0,True,0.5403240256133206,30.0,True,1.0,0,7.7158098793271765,56.16572819333947,
e4_stable_r0.2,follownet_highd,residual_idm,driver_fold2_seed1,"core with margin 0.2, certified budget (D111)",2,1,0.2,0.7495253213314699,0.149905064266294,0.007495325407631182,0.07495325407631181,0.014990650815262364,35.151615142822266,0.9875276684761047,3.251380443572998,1.5769108533859253,0.5000206232070923,26,0.011014184777897285,0.011014184777897285,5.0,8.765654571267417,0.0,0,26,0,0,26,26,0,True,True,0.0,2501,0.011014184777897285,5.0,0,True,0.5403240256133206,30.0,True,1.0,0,7.7158098793271765,56.16572819333947,
e4_stable_r0.2,follownet_highd,residual_idm,driver_fold2_seed2,"core with margin 0.2, certified budget (D111)",2,2,0.2,0.7269513853412292,0.14539027706824584,0.007269538151904269,0.07269538151904269,0.014539076303808539,35.151615142822266,0.9875276684761047,3.251380443572998,1.5769108533859253,0.5000206232070923,26,0.01397525766279939,0.01397525766279939,5.0,8.765654571267417,0.0,0,26,0,0,26,26,0,True,True,0.0,2501,0.01397525766279939,5.0,0,True,0.5403240256133206,30.0,True,1.0,0,7.7158098793271765,56.16572819333947,
e4_stable_r0.2,follownet_highd,residual_idm,driver_fold2_seed3,"core with margin 0.2, certified budget (D111)",2,3,0.2,0.7295939000812769,0.14591878001625538,0.007295960661411286,0.07295960661411285,0.014591921322822572,35.151615142822266,0.9875276684761047,3.251380443572998,1.5769108533859253,0.5000206232070923,26,0.013628509530061117,0.013628509530061117,5.0,8.765654571267417,0.0,0,26,0,0,26,26,0,True,True,0.0,2501,0.013628509530061117,5.0,0,True,0.5403240256133206,30.0,True,1.0,0,7.7158098793271765,56.16572819333947,
e4_stable_r0.2,follownet_highd,residual_idm,driver_fold2_seed4,"core with margin 0.2, certified budget (D111)",2,4,0.2,0.7459309862064883,0.14918619724129767,0.007459362703493654,0.07459362703493654,0.014918725406987307,35.151615142822266,0.9875276684761047,3.251380443572998,1.5769108533859253,0.5000206232070923,26,0.011485515048052952,0.011485515048052952,5.0,8.765654571267417,0.0,0,26,0,0,26,26,0,True,True,0.0,2501,0.011485515048052952,5.0,0,True,0.5403240256133206,30.0,True,1.0,0,7.7158098793271765,56.16572819333947,
e4_stable_r0.2,follownet_highd,residual_idm,driver_fold3_seed0,"core with margin 0.2, certified budget (D111)",3,0,0.2,0.7157763159945189,0.1431552631989038,0.0071577732114667504,0.0715777321146675,0.014315546422933501,35.17245101928711,0.9923809766769409,3.2756454944610596,1.5805469751358032,0.5000129342079163,26,0.0160254526460899,0.0160254526460899,5.0,8.816125088590903,0.0,0,26,0,0,26,26,0,True,True,0.0,2501,0.0160254526460899,5.0,0,True,0.5440162579592163,30.0,True,1.0,0,7.76253913273079,56.32883743214291,
e4_stable_r0.2,follownet_highd,residual_idm,driver_fold3_seed1,"core with margin 0.2, certified budget (D111)",3,1,0.2,0.7535773681743546,0.15071547363487092,0.007535830743062972,0.07535830743062971,0.015071661486125943,35.17245101928711,0.9923809766769409,3.2756454944610596,1.5805469751358032,0.5000129342079163,26,0.01106763907193753,0.01106763907193753,5.0,8.816125088590903,0.0,0,26,0,0,26,26,0,True,True,0.0,2501,0.01106763907193753,5.0,0,True,0.5440162579592163,30.0,True,1.0,0,7.76253913273079,56.32883743214291,
e4_stable_r0.2,follownet_highd,residual_idm,driver_fold3_seed2,"core with margin 0.2, certified budget (D111)",3,2,0.2,0.7308813940841893,0.14617627881683787,0.007308824709261606,0.07308824709261606,0.014617649418523213,35.17245101928711,0.9923809766769409,3.2756454944610596,1.5805469751358032,0.5000129342079163,26,0.014043067704702428,0.014043067704702428,5.0,8.816125088590903,0.0,0,26,0,0,26,26,0,True,True,0.0,2501,0.014043067704702428,5.0,0,True,0.5440162579592163,30.0,True,1.0,0,7.76253913273079,56.32883743214291,
e4_stable_r0.2,follownet_highd,residual_idm,driver_fold3_seed3,"core with margin 0.2, certified budget (D111)",3,3,0.2,0.733538194657157,0.1467076389314314,0.007335475427035653,0.07335475427035652,0.014670950854071305,35.17245101928711,0.9923809766769409,3.2756454944610596,1.5805469751358032,0.5000129342079163,26,0.013693514695507392,0.013693514695507392,5.0,8.816125088590903,0.0,0,26,0,0,26,26,0,True,True,0.0,2501,0.013693514695507392,5.0,0,True,0.5440162579592163,30.0,True,1.0,0,7.76253913273079,56.32883743214291,
e4_stable_r0.2,follownet_highd,residual_idm,driver_fold3_seed4,"core with margin 0.2, certified budget (D111)",3,4,0.2,0.7499636015320102,0.14999272030640207,0.0074997003682246155,0.07499700368224615,0.014999400736449231,35.17245101928711,0.9923809766769409,3.2756454944610596,1.5805469751358032,0.5000129342079163,26,0.011540906089745118,0.011540906089745118,5.0,8.816125088590903,0.0,0,26,0,0,26,26,0,True,True,0.0,2501,0.011540906089745118,5.0,0,True,0.5440162579592163,30.0,True,1.0,0,7.76253913273079,56.32883743214291,
e4_stable_r0.2,follownet_highd,residual_idm,driver_fold4_seed0,"core with margin 0.2, certified budget (D111)",4,0,0.2,0.7114937090996651,0.14229874181993304,0.007114997968419104,0.07114997968419104,0.014229995936838208,35.32887268066406,0.9886175394058228,3.2418761253356934,1.573002576828003,0.5000132322311401,26,0.01592100694668963,0.01592100694668963,5.0,8.762855249845842,0.0,0,26,0,0,26,26,0,True,True,0.0,2501,0.01592100694668963,5.0,0,True,0.5551117554335374,30.0,True,1.0,0,7.710882826442735,55.38290262194428,
e4_stable_r0.2,follownet_highd,residual_idm,driver_fold4_seed1,"core with margin 0.2, certified budget (D111)",4,1,0.2,0.7490685913950266,0.14981371827900533,0.007490709185725534,0.07490709185725533,0.014981418371451068,35.32887268066406,0.9886175394058228,3.2418761253356934,1.573002576828003,0.5000132322311401,26,0.010996481829803173,0.010996481829803173,5.0,8.762855249845842,0.0,0,26,0,0,26,26,0,True,True,0.0,2501,0.010996481829803173,5.0,0,True,0.5551117554335374,30.0,True,1.0,0,7.710882826442735,55.38290262194428,
e4_stable_r0.2,follownet_highd,residual_idm,driver_fold4_seed2,"core with margin 0.2, certified budget (D111)",4,2,0.2,0.7265084110339243,0.14530168220678485,0.00726512153013802,0.07265121530138019,0.01453024306027604,35.32887268066406,0.9886175394058228,3.2418761253356934,1.573002576828003,0.5000132322311401,26,0.013951816075087664,0.013951816075087664,5.0,8.762855249845842,0.0,0,26,0,0,26,26,0,True,True,0.0,2501,0.013951816075087664,5.0,0,True,0.5551117554335374,30.0,True,1.0,0,7.710882826442735,55.38290262194428,
e4_stable_r0.2,follownet_highd,residual_idm,driver_fold4_seed3,"core with margin 0.2, certified budget (D111)",4,3,0.2,0.7291493155340576,0.14582986310681154,0.007291513486858116,0.07291513486858116,0.014583026973716232,35.32887268066406,0.9886175394058228,3.2418761253356934,1.573002576828003,0.5000132322311401,26,0.013605834220931645,0.013605834220931645,5.0,8.762855249845842,0.0,0,26,0,0,26,26,0,True,True,0.0,2501,0.013605834220931645,5.0,0,True,0.5551117554335374,30.0,True,1.0,0,7.710882826442735,55.38290262194428,
e4_stable_r0.2,follownet_highd,residual_idm,driver_fold4_seed4,"core with margin 0.2, certified budget (D111)",4,4,0.2,0.7454764465101963,0.14909528930203927,0.0074547925942796195,0.07454792594279619,0.014909585188559239,35.32887268066406,0.9886175394058228,3.2418761253356934,1.573002576828003,0.5000132322311401,26,0.011466711081065895,0.011466711081065895,5.0,8.762855249845842,0.0,0,26,0,0,26,26,0,True,True,0.0,2501,0.011466711081065895,5.0,0,True,0.5551117554335374,30.0,True,1.0,0,7.710882826442735,55.38290262194428,
e4_stable_ft_r0.2,ngsim_i80,residual_idm,driver_fold0_seed0,"core with margin 0.2, certified budget, fine-tuned (D111)",0,0,0.2,0.7068631874302939,0.14137263748605877,0.007069073263192689,0.07069073263192689,0.014138146526385379,35.213199615478516,0.9788587093353271,3.193310499191284,1.5670632123947144,0.5000092387199402,26,0.015839568431401885,0.015839568431401885,5.0,8.661040062679062,0.0,0,26,0,0,26,26,0,True,True,0.0,2501,0.015839568431401885,5.0,0,True,0.5415014304655235,30.0,True,1.0,0,7.6175513266212365,55.38797261178229,
e4_stable_ft_r0.2,ngsim_i80,residual_idm,driver_fold0_seed1,"core with margin 0.2, certified budget, fine-tuned (D111)",0,1,0.2,0.7441935260220812,0.14883870520441625,0.007441966075904145,0.07441966075904145,0.01488393215180829,35.213199615478516,0.9788587093353271,3.193310499191284,1.5670632123947144,0.5000092387199402,26,0.010943704494484785,0.010943704494484785,5.0,8.661040062679062,0.0,0,26,0,0,26,26,0,True,True,0.0,2501,0.010943704494484785,5.0,0,True,0.5415014304655235,30.0,True,1.0,0,7.6175513266212365,55.38797261178229,
e4_stable_ft_r0.2,ngsim_i80,residual_idm,driver_fold0_seed2,"core with margin 0.2, certified budget, fine-tuned (D111)",0,2,0.2,0.7217801711391116,0.14435603422782234,0.007217941371561679,0.07217941371561679,0.014435882743123359,35.213199615478516,0.9788587093353271,3.193310499191284,1.5670632123947144,0.5000092387199402,26,0.013883550070714068,0.013883550070714068,5.0,8.661040062679062,0.0,0,26,0,0,26,26,0,True,True,0.0,2501,0.013883550070714068,5.0,0,True,0.5415014304655235,30.0,True,1.0,0,7.6175513266212365,55.38797261178229,
e4_stable_ft_r0.2,ngsim_i80,residual_idm,driver_fold0_seed3,"core with margin 0.2, certified budget, fine-tuned (D111)",0,3,0.2,0.7244038881850791,0.14488077763701582,0.007244048263910643,0.07244048263910642,0.014488096527821286,35.213199615478516,0.9788587093353271,3.193310499191284,1.5670632123947144,0.5000092387199402,26,0.013540725541774212,0.013540725541774212,5.0,8.661040062679062,0.0,0,26,0,0,26,26,0,True,True,0.0,2501,0.013540725541774212,5.0,0,True,0.5415014304655235,30.0,True,1.0,0,7.6175513266212365,55.38797261178229,
e4_stable_ft_r0.2,ngsim_i80,residual_idm,driver_fold0_seed4,"core with margin 0.2, certified budget, fine-tuned (D111)",0,4,0.2,0.7406247594250925,0.1481249518850185,0.007406278004908263,0.07406278004908262,0.014812556009816525,35.213199615478516,0.9788587093353271,3.193310499191284,1.5670632123947144,0.5000092387199402,26,0.011411738432121621,0.011411738432121621,5.0,8.661040062679062,0.0,0,26,0,0,26,26,0,True,True,0.0,2501,0.011411738432121621,5.0,0,True,0.5415014304655235,30.0,True,1.0,0,7.6175513266212365,55.38797261178229,
e4_stable_ft_r0.2,ngsim_i80,residual_idm,driver_fold1_seed0,"core with margin 0.2, certified budget, fine-tuned (D111)",1,0,0.2,0.7108884092275908,0.14217768184551816,0.0071088946965917,0.071088946965917,0.0142177893931834,35.14104461669922,0.9873303771018982,3.2530648708343506,1.5770609378814697,0.5000016689300537,26,0.01592443035571034,0.01592443035571034,5.0,8.766343546404663,0.0,0,26,0,0,26,26,0,True,True,0.0,2501,0.01592443035571034,5.0,0,True,0.5393873459933674,30.0,True,1.0,0,7.716510547746996,56.20990944949294,
e4_stable_ft_r0.2,ngsim_i80,residual_idm,driver_fold1_seed1,"core with margin 0.2, certified budget, fine-tuned (D111)",1,1,0.2,0.7484313248714473,0.14968626497428947,0.007484325535817151,0.0748432553581715,0.014968651071634302,35.14104461669922,0.9873303771018982,3.2530648708343506,1.5770609378814697,0.5000016689300537,26,0.010998560440075633,0.010998560440075633,5.0,8.766343546404663,0.0,0,26,0,0,26,26,0,True,True,0.0,2501,0.010998560440075633,5.0,0,True,0.5393873459933674,30.0,True,1.0,0,7.716510547746996,56.20990944949294,
e4_stable_ft_r0.2,ngsim_i80,residual_idm,driver_fold1_seed2,"core with margin 0.2, certified budget, fine-tuned (D111)",1,2,0.2,0.7258903374759493,0.14517806749518988,0.0072589518123007835,0.07258951812300783,0.014517903624601567,35.14104461669922,0.9873303771018982,3.2530648708343506,1.5770609378814697,0.5000016689300537,26,0.013954106109339448,0.013954106109339448,5.0,8.766343546404663,0.0,0,26,0,0,26,26,0,True,True,0.0,2501,0.013954106109339448,5.0,0,True,0.5393873459933674,30.0,True,1.0,0,7.716510547746996,56.20990944949294,
e4_stable_ft_r0.2,ngsim_i80,residual_idm,driver_fold1_seed3,"core with margin 0.2, certified budget, fine-tuned (D111)",1,3,0.2,0.728528995239203,0.14570579904784062,0.0072853018505970885,0.07285301850597088,0.014570603701194177,35.14104461669922,0.9873303771018982,3.2530648708343506,1.5770609378814697,0.5000016689300537,26,0.013608321583171601,0.013608321583171601,5.0,8.766343546404663,0.0,0,26,0,0,26,26,0,True,True,0.0,2501,0.013608321583171601,5.0,0,True,0.5393873459933674,30.0,True,1.0,0,7.716510547746996,56.20990944949294,
e4_stable_ft_r0.2,ngsim_i80,residual_idm,driver_fold1_seed4,"core with margin 0.2, certified budget, fine-tuned (D111)",1,4,0.2,0.7448422359867075,0.1489684471973415,0.007448437360424515,0.07448437360424515,0.01489687472084903,35.14104461669922,0.9873303771018982,3.2530648708343506,1.5770609378814697,0.5000016689300537,26,0.01146889790890715,0.01146889790890715,5.0,8.766343546404663,0.0,0,26,0,0,26,26,0,True,True,0.0,2501,0.01146889790890715,5.0,0,True,0.5393873459933674,30.0,True,1.0,0,7.716510547746996,56.20990944949294,
e4_stable_ft_r0.2,ngsim_i80,residual_idm,driver_fold2_seed0,"core with margin 0.2, certified budget, fine-tuned (D111)",2,0,0.2,0.7119275284858603,0.14238550569717207,0.0071192809349782255,0.07119280934978225,0.014238561869956451,35.151615142822266,0.9875276684761047,3.251380443572998,1.5769108533859253,0.5000206232070923,26,0.015948282713399098,0.015948282713399098,5.0,8.765654571267417,0.0,0,26,0,0,26,26,0,True,True,0.0,2501,0.015948282713399098,5.0,0,True,0.5403240256133206,30.0,True,1.0,0,7.7158098793271765,56.16572819333947,
e4_stable_ft_r0.2,ngsim_i80,residual_idm,driver_fold2_seed1,"core with margin 0.2, certified budget, fine-tuned (D111)",2,1,0.2,0.7495253213314699,0.149905064266294,0.007495302446788289,0.07495302446788289,0.014990604893576578,35.151615142822266,0.9875276684761047,3.251380443572998,1.5769108533859253,0.5000206232070923,26,0.011014485668355056,0.011014485668355056,5.0,8.765654571267417,0.0,0,26,0,0,26,26,0,True,True,0.0,2501,0.011014485668355056,5.0,0,True,0.5403240256133206,30.0,True,1.0,0,7.7158098793271765,56.16572819333947,
e4_stable_ft_r0.2,ngsim_i80,residual_idm,driver_fold2_seed2,"core with margin 0.2, certified budget, fine-tuned (D111)",2,2,0.2,0.7269513853412292,0.14539027706824584,0.007269649423005008,0.07269649423005008,0.014539298846010016,35.151615142822266,0.9875276684761047,3.251380443572998,1.5769108533859253,0.5000206232070923,26,0.01397379729999415,0.01397379729999415,5.0,8.765654571267417,0.0,0,26,0,0,26,26,0,True,True,0.0,2501,0.01397379729999415,5.0,0,True,0.5403240256133206,30.0,True,1.0,0,7.7158098793271765,56.16572819333947,
e4_stable_ft_r0.2,ngsim_i80,residual_idm,driver_fold2_seed3,"core with margin 0.2, certified budget, fine-tuned (D111)",2,3,0.2,0.7295939000812769,0.14591878001625538,0.007295950401342276,0.07295950401342276,0.014591900802684552,35.151615142822266,0.9875276684761047,3.251380443572998,1.5769108533859253,0.5000206232070923,26,0.013628644163174441,0.013628644163174441,5.0,8.765654571267417,0.0,0,26,0,0,26,26,0,True,True,0.0,2501,0.013628644163174441,5.0,0,True,0.5403240256133206,30.0,True,1.0,0,7.7158098793271765,56.16572819333947,
e4_stable_ft_r0.2,ngsim_i80,residual_idm,driver_fold2_seed4,"core with margin 0.2, certified budget, fine-tuned (D111)",2,4,0.2,0.7459309862064883,0.14918619724129767,0.007459404866377054,0.07459404866377053,0.014918809732754107,35.151615142822266,0.9875276684761047,3.251380443572998,1.5769108533859253,0.5000206232070923,26,0.011484962391065667,0.011484962391065667,5.0,8.765654571267417,0.0,0,26,0,0,26,26,0,True,True,0.0,2501,0.011484962391065667,5.0,0,True,0.5403240256133206,30.0,True,1.0,0,7.7158098793271765,56.16572819333947,
e4_stable_ft_r0.2,ngsim_i80,residual_idm,driver_fold3_seed0,"core with margin 0.2, certified budget, fine-tuned (D111)",3,0,0.2,0.7157763159945189,0.1431552631989038,0.007157770701374026,0.07157770701374025,0.014315541402748051,35.17245101928711,0.9923809766769409,3.2756454944610596,1.5805469751358032,0.5000129342079163,26,0.01602548560498207,0.01602548560498207,5.0,8.816125088590903,0.0,0,26,0,0,26,26,0,True,True,0.0,2501,0.01602548560498207,5.0,0,True,0.5440162579592163,30.0,True,1.0,0,7.76253913273079,56.32883743214291,
e4_stable_ft_r0.2,ngsim_i80,residual_idm,driver_fold3_seed1,"core with margin 0.2, certified budget, fine-tuned (D111)",3,1,0.2,0.7535773681743546,0.15071547363487092,0.007535984889605356,0.07535984889605356,0.015071969779210713,35.17245101928711,0.9923809766769409,3.2756454944610596,1.5805469751358032,0.5000129342079163,26,0.011065620172794222,0.011065620172794222,5.0,8.816125088590903,0.0,0,26,0,0,26,26,0,True,True,0.0,2501,0.011065620172794222,5.0,0,True,0.5440162579592163,30.0,True,1.0,0,7.76253913273079,56.32883743214291,
e4_stable_ft_r0.2,ngsim_i80,residual_idm,driver_fold3_seed2,"core with margin 0.2, certified budget, fine-tuned (D111)",3,2,0.2,0.7308813940841893,0.14617627881683787,0.007308883984772307,0.07308883984772306,0.014617767969544613,35.17245101928711,0.9923809766769409,3.2756454944610596,1.5805469751358032,0.5000129342079163,26,0.014042290172868621,0.014042290172868621,5.0,8.816125088590903,0.0,0,26,0,0,26,26,0,True,True,0.0,2501,0.014042290172868621,5.0,0,True,0.5440162579592163,30.0,True,1.0,0,7.76253913273079,56.32883743214291,
e4_stable_ft_r0.2,ngsim_i80,residual_idm,driver_fold3_seed3,"core with margin 0.2, certified budget, fine-tuned (D111)",3,3,0.2,0.733538194657157,0.1467076389314314,0.007335393892543958,0.07335393892543958,0.014670787785087916,35.17245101928711,0.9923809766769409,3.2756454944610596,1.5805469751358032,0.5000129342079163,26,0.013694584013297928,0.013694584013297928,5.0,8.816125088590903,0.0,0,26,0,0,26,26,0,True,True,0.0,2501,0.013694584013297928,5.0,0,True,0.5440162579592163,30.0,True,1.0,0,7.76253913273079,56.32883743214291,
e4_stable_ft_r0.2,ngsim_i80,residual_idm,driver_fold3_seed4,"core with margin 0.2, certified budget, fine-tuned (D111)",3,4,0.2,0.7499636015320102,0.14999272030640207,0.007499693946890028,0.07499693946890028,0.014999387893780056,35.17245101928711,0.9923809766769409,3.2756454944610596,1.5805469751358032,0.5000129342079163,26,0.011540990212170477,0.011540990212170477,5.0,8.816125088590903,0.0,0,26,0,0,26,26,0,True,True,0.0,2501,0.011540990212170477,5.0,0,True,0.5440162579592163,30.0,True,1.0,0,7.76253913273079,56.32883743214291,
e4_stable_ft_r0.2,ngsim_i80,residual_idm,driver_fold4_seed0,"core with margin 0.2, certified budget, fine-tuned (D111)",4,0,0.2,0.7114937090996651,0.14229874181993304,0.007114988631906457,0.07114988631906456,0.014229977263812914,35.32887268066406,0.9886175394058228,3.2418761253356934,1.573002576828003,0.5000132322311401,26,0.015921129476652474,0.015921129476652474,5.0,8.762855249845842,0.0,0,26,0,0,26,26,0,True,True,0.0,2501,0.015921129476652474,5.0,0,True,0.5551117554335374,30.0,True,1.0,0,7.710882826442735,55.38290262194428,
e4_stable_ft_r0.2,ngsim_i80,residual_idm,driver_fold4_seed1,"core with margin 0.2, certified budget, fine-tuned (D111)",4,1,0.2,0.7490685913950266,0.14981371827900533,0.007490763731601716,0.07490763731601716,0.014981527463203432,35.32887268066406,0.9886175394058228,3.2418761253356934,1.573002576828003,0.5000132322311401,26,0.01099576778749689,0.01099576778749689,5.0,8.762855249845842,0.0,0,26,0,0,26,26,0,True,True,0.0,2501,0.01099576778749689,5.0,0,True,0.5551117554335374,30.0,True,1.0,0,7.710882826442735,55.38290262194428,
e4_stable_ft_r0.2,ngsim_i80,residual_idm,driver_fold4_seed2,"core with margin 0.2, certified budget, fine-tuned (D111)",4,2,0.2,0.7265084110339243,0.14530168220678485,0.007265138908339318,0.07265138908339318,0.014530277816678636,35.32887268066406,0.9886175394058228,3.2418761253356934,1.573002576828003,0.5000132322311401,26,0.013951588237696932,0.013951588237696932,5.0,8.762855249845842,0.0,0,26,0,0,26,26,0,True,True,0.0,2501,0.013951588237696932,5.0,0,True,0.5551117554335374,30.0,True,1.0,0,7.710882826442735,55.38290262194428,
e4_stable_ft_r0.2,ngsim_i80,residual_idm,driver_fold4_seed3,"core with margin 0.2, certified budget, fine-tuned (D111)",4,3,0.2,0.7291493155340576,0.14582986310681154,0.00729153289696563,0.0729153289696563,0.01458306579393126,35.32887268066406,0.9886175394058228,3.2418761253356934,1.573002576828003,0.5000132322311401,26,0.013605579789259692,0.013605579789259692,5.0,8.762855249845842,0.0,0,26,0,0,26,26,0,True,True,0.0,2501,0.013605579789259692,5.0,0,True,0.5551117554335374,30.0,True,1.0,0,7.710882826442735,55.38290262194428,
e4_stable_ft_r0.2,ngsim_i80,residual_idm,driver_fold4_seed4,"core with margin 0.2, certified budget, fine-tuned (D111)",4,4,0.2,0.7454764465101963,0.14909528930203927,0.007454796720790937,0.07454796720790936,0.014909593441581874,35.32887268066406,0.9886175394058228,3.2418761253356934,1.573002576828003,0.5000132322311401,26,0.011466657049198137,0.011466657049198137,5.0,8.762855249845842,0.0,0,26,0,0,26,26,0,True,True,0.0,2501,0.011466657049198137,5.0,0,True,0.5551117554335374,30.0,True,1.0,0,7.710882826442735,55.38290262194428,
e4_stable,follownet_highd,residual_idm,driver_fold0_seed0,"core with margin 0.2, certified budget (D86)",0,0,0.3,0.3348684471967966,0.10046053415903898,0.005023102821875654,0.05023102821875654,0.010046205643751308,35.213199615478516,0.9788587093353271,3.193310499191284,1.5670632123947144,0.5000092387199402,26,0.010687076127112838,0.010687076127112838,5.0,8.99649192322812,0.0,0,26,0,0,26,26,0,True,True,0.0,2501,0.010687076127112838,5.0,0,True,0.4415014304655234,30.0,True,1.0,0,7.410674308402643,61.34076888063236,
e4_stable,follownet_highd,residual_idm,driver_fold0_seed1,"core with margin 0.2, certified budget (D86)",0,1,0.3,0.35255327325628805,0.10576598197688641,0.0052883444962538015,0.05288344496253801,0.010576688992507603,35.213199615478516,0.9788587093353271,3.193310499191284,1.5670632123947144,0.5000092387199402,26,0.00738378991607791,0.00738378991607791,5.0,8.99649192322812,0.0,0,26,0,0,26,26,0,True,True,0.0,2501,0.00738378991607791,5.0,0,True,0.4415014304655234,30.0,True,1.0,0,7.410674308402643,61.34076888063236,
e4_stable,follownet_highd,residual_idm,driver_fold0_seed2,"core with margin 0.2, certified budget (D86)",0,2,0.3,0.3419351996607227,0.10258055989821681,0.005129082221990445,0.05129082221990445,0.01025816444398089,35.213199615478516,0.9788587093353271,3.193310499191284,1.5670632123947144,0.5000092387199402,26,0.009366479449002818,0.009366479449002818,5.0,8.99649192322812,0.0,0,26,0,0,26,26,0,True,True,0.0,2501,0.009366479449002818,5.0,0,True,0.4415014304655234,30.0,True,1.0,0,7.410674308402643,61.34076888063236,
e4_stable,follownet_highd,residual_idm,driver_fold0_seed3,"core with margin 0.2, certified budget (D86)",0,3,0.3,0.34317815596215484,0.10295344678864644,0.00514768569039202,0.0514768569039202,0.01029537138078404,35.213199615478516,0.9788587093353271,3.193310499191284,1.5670632123947144,0.5000092387199402,26,0.009134765823358815,0.009134765823358815,5.0,8.99649192322812,0.0,0,26,0,0,26,26,0,True,True,0.0,2501,0.009134765823358815,5.0,0,True,0.4415014304655234,30.0,True,1.0,0,7.410674308402643,61.34076888063236,
e4_stable,follownet_highd,residual_idm,driver_fold0_seed4,"core with margin 0.2, certified budget (D86)",0,4,0.3,0.350862610409513,0.1052587831228539,0.00526296547693073,0.052629654769307296,0.01052593095386146,35.213199615478516,0.9788587093353271,3.193310499191284,1.5670632123947144,0.5000092387199402,26,0.007699589158557396,0.007699589158557396,5.0,8.99649192322812,0.0,0,26,0,0,26,26,0,True,True,0.0,2501,0.007699589158557396,5.0,0,True,0.4415014304655234,30.0,True,1.0,0,7.410674308402643,61.34076888063236,
e4_stable,follownet_highd,residual_idm,driver_fold1_seed0,"core with margin 0.2, certified budget (D86)",1,0,0.3,0.33868041542902283,0.10160412462870684,0.005080236793902123,0.05080236793902122,0.010160473587804246,35.14104461669922,0.9873303771018982,3.2530648708343506,1.5770609378814697,0.5000016689300537,26,0.010805791817805388,0.010805791817805388,5.0,9.103266149811756,0.0,0,26,0,0,26,26,0,True,True,0.0,2501,0.010805791817805388,5.0,0,True,0.43938734599336743,30.0,True,1.0,0,7.508077023466643,62.278693008392686,
e4_stable,follownet_highd,residual_idm,driver_fold1_seed1,"core with margin 0.2, certified budget (D86)",1,1,0.3,0.3565665563502027,0.1069699669050608,0.0053485593834740296,0.05348559383474029,0.010697118766948059,35.14104461669922,0.9873303771018982,3.2530648708343506,1.5770609378814697,0.5000016689300537,26,0.0074651416058886255,0.0074651416058886255,5.0,9.103266149811756,0.0,0,26,0,0,26,26,0,True,True,0.0,2501,0.0074651416058886255,5.0,0,True,0.43938734599336743,30.0,True,1.0,0,7.508077023466643,62.278693008392686,
e4_stable,follownet_highd,residual_idm,driver_fold1_seed2,"core with margin 0.2, certified budget (D86)",1,2,0.3,0.34582761212746255,0.10374828363823876,0.005187569988028805,0.05187569988028805,0.01037513997605761,35.14104461669922,0.9873303771018982,3.2530648708343506,1.5770609378814697,0.5000016689300537,26,0.009468719663437652,0.009468719663437652,5.0,9.103266149811756,0.0,0,26,0,0,26,26,0,True,True,0.0,2501,0.009468719663437652,5.0,0,True,0.43938734599336743,30.0,True,1.0,0,7.508077023466643,62.278693008392686,
e4_stable,follownet_highd,residual_idm,driver_fold1_seed3,"core with margin 0.2, certified budget (D86)",1,3,0.3,0.3470847175969479,0.10412541527908438,0.00520632434283536,0.0520632434283536,0.01041264868567072,35.14104461669922,0.9873303771018982,3.2530648708343506,1.5770609378814697,0.5000016689300537,26,0.009235196770936538,0.009235196770936538,5.0,9.103266149811756,0.0,0,26,0,0,26,26,0,True,True,0.0,2501,0.009235196770936538,5.0,0,True,0.43938734599336743,30.0,True,1.0,0,7.508077023466643,62.278693008392686,
e4_stable,follownet_highd,residual_idm,driver_fold1_seed4,"core with margin 0.2, certified budget (D86)",1,4,0.3,0.35485664787692195,0.10645699436307658,0.0053237593862335295,0.05323759386233529,0.010647518772467059,35.14104461669922,0.9873303771018982,3.2530648708343506,1.5770609378814697,0.5000016689300537,26,0.007773638979584052,0.007773638979584052,5.0,9.103266149811756,0.0,0,26,0,0,26,26,0,True,True,0.0,2501,0.007773638979584052,5.0,0,True,0.43938734599336743,30.0,True,1.0,0,7.508077023466643,62.278693008392686,
e4_stable,follownet_highd,residual_idm,driver_fold2_seed0,"core with margin 0.2, certified budget (D86)",2,0,0.3,0.33930593129280756,0.10179177938784227,0.005089869463147583,0.050898694631475824,0.010179738926295166,35.151615142822266,0.9875276684761047,3.251380443572998,1.5769108533859253,0.5000206232070923,26,0.010822912760685588,0.010822912760685588,5.0,9.102589362199819,0.0,0,26,0,0,26,26,0,True,True,0.0,2501,0.010822912760685588,5.0,0,True,0.44032402561332057,30.0,True,1.0,0,7.507378472763676,62.21746928038457,
e4_stable,follownet_highd,residual_idm,driver_fold2_seed1,"core with margin 0.2, certified budget (D86)",2,1,0.3,0.3572251064975728,0.10716753194927182,0.005358461615782072,0.053584616157820716,0.010716923231564144,35.151615142822266,0.9875276684761047,3.251380443572998,1.5769108533859253,0.5000206232070923,26,0.007478811019576481,0.007478811019576481,5.0,9.102589362199819,0.0,0,26,0,0,26,26,0,True,True,0.0,2501,0.007478811019576481,5.0,0,True,0.44032402561332057,30.0,True,1.0,0,7.507378472763676,62.21746928038457,
e4_stable,follownet_highd,residual_idm,driver_fold2_seed2,"core with margin 0.2, certified budget (D86)",2,2,0.3,0.34646632829664675,0.10393989848899403,0.005197166297452233,0.05197166297452232,0.010394332594904465,35.151615142822266,0.9875276684761047,3.251380443572998,1.5769108533859253,0.5000206232070923,26,0.009486253979761106,0.009486253979761106,5.0,9.102589362199819,0.0,0,26,0,0,26,26,0,True,True,0.0,2501,0.009486253979761106,5.0,0,True,0.44032402561332057,30.0,True,1.0,0,7.507378472763676,62.21746928038457,
e4_stable,follownet_highd,residual_idm,driver_fold2_seed3,"core with margin 0.2, certified budget (D86)",2,3,0.3,0.34772575554022284,0.10431772666206685,0.005217283501597707,0.05217283501597706,0.010434567003195413,35.151615142822266,0.9875276684761047,3.251380443572998,1.5769108533859253,0.5000206232070923,26,0.009235755102949494,0.009235755102949494,5.0,9.102589362199819,0.0,0,26,0,0,26,26,0,True,True,0.0,2501,0.009235755102949494,5.0,0,True,0.44032402561332057,30.0,True,1.0,0,7.507378472763676,62.21746928038457,
e4_stable,follownet_highd,residual_idm,driver_fold2_seed4,"core with margin 0.2, certified budget (D86)",2,4,0.3,0.35551203995896863,0.10665361198769059,0.005332784967632827,0.05332784967632827,0.010665569935265655,35.151615142822266,0.9875276684761047,3.251380443572998,1.5769108533859253,0.5000206232070923,26,0.00779822322394752,0.00779822322394752,5.0,9.102589362199819,0.0,0,26,0,0,26,26,0,True,True,0.0,2501,0.00779822322394752,5.0,0,True,0.44032402561332057,30.0,True,1.0,0,7.507378472763676,62.21746928038457,
e4_stable,follownet_highd,residual_idm,driver_fold3_seed0,"core with margin 0.2, certified budget (D86)",3,0,0.3,0.3422405252524729,0.10267215757574187,0.005133646842759242,0.051336468427592416,0.010267293685518484,35.17245101928711,0.9923809766769409,3.2756454944610596,1.5805469751358032,0.5000129342079163,26,0.010914856097230863,0.010914856097230863,5.0,9.154054903705406,0.0,0,26,0,0,26,26,0,True,True,0.0,2501,0.010914856097230863,5.0,0,True,0.44401625795921634,30.0,True,1.0,0,7.553256618655511,62.350119639508314,
e4_stable,follownet_highd,residual_idm,driver_fold3_seed1,"core with margin 0.2, certified budget (D86)",3,1,0.3,0.3603146800743575,0.10809440402230726,0.0054047535979291185,0.054047535979291184,0.010809507195858237,35.17245101928711,0.9923809766769409,3.2756454944610596,1.5805469751358032,0.5000129342079163,26,0.007540831124585701,0.007540831124585701,5.0,9.154054903705406,0.0,0,26,0,0,26,26,0,True,True,0.0,2501,0.007540831124585701,5.0,0,True,0.44401625795921634,30.0,True,1.0,0,7.553256618655511,62.350119639508314,
e4_stable,follownet_highd,residual_idm,driver_fold3_seed2,"core with margin 0.2, certified budget (D86)",3,2,0.3,0.34946285119965886,0.10483885535989766,0.0052420057254167225,0.05242005725416722,0.010484011450833445,35.17245101928711,0.9923809766769409,3.2756454944610596,1.5805469751358032,0.5000129342079163,26,0.009565513324272468,0.009565513324272468,5.0,9.154054903705406,0.0,0,26,0,0,26,26,0,True,True,0.0,2501,0.009565513324272468,5.0,0,True,0.44401625795921634,30.0,True,1.0,0,7.553256618655511,62.350119639508314,
e4_stable,follownet_highd,residual_idm,driver_fold3_seed3,"core with margin 0.2, certified budget (D86)",3,3,0.3,0.35073317099547413,0.10521995129864224,0.005261063436404305,0.05261063436404305,0.01052212687280861,35.17245101928711,0.9923809766769409,3.2756454944610596,1.5805469751358032,0.5000129342079163,26,0.009328303356035628,0.009328303356035628,5.0,9.154054903705406,0.0,0,26,0,0,26,26,0,True,True,0.0,2501,0.009328303356035628,5.0,0,True,0.44401625795921634,30.0,True,1.0,0,7.553256618655511,62.350119639508314,
e4_stable,follownet_highd,residual_idm,driver_fold3_seed4,"core with margin 0.2, certified budget (D86)",3,4,0.3,0.3585867975415338,0.10757603926246014,0.005378814392230272,0.05378814392230271,0.010757628784460543,35.17245101928711,0.9923809766769409,3.2756454944610596,1.5805469751358032,0.5000129342079163,26,0.007863374425921998,0.007863374425921998,5.0,9.154054903705406,0.0,0,26,0,0,26,26,0,True,True,0.0,2501,0.007863374425921998,5.0,0,True,0.44401625795921634,30.0,True,1.0,0,7.553256618655511,62.350119639508314,
e4_stable,follownet_highd,residual_idm,driver_fold4_seed0,"core with margin 0.2, certified budget (D86)",4,0,0.3,0.338794970348388,0.1016384911045164,0.005082036167241882,0.05082036167241881,0.010164072334483763,35.32887268066406,0.9886175394058228,3.2418761253356934,1.573002576828003,0.5000132322311401,26,0.010795745844304205,0.010795745844304205,5.0,9.100694101931174,0.0,0,26,0,0,26,26,0,True,True,0.0,2501,0.010795745844304205,5.0,0,True,0.4551117554335375,30.0,True,1.0,0,7.50214530623304,61.16555192082298,
e4_stable,follownet_highd,residual_idm,driver_fold4_seed1,"core with margin 0.2, certified budget (D86)",4,1,0.3,0.35668716105968756,0.10700614831790627,0.0053503687038028575,0.053503687038028575,0.010700737407605715,35.32887268066406,0.9886175394058228,3.2418761253356934,1.573002576828003,0.5000132322311401,26,0.007458884666486698,0.007458884666486698,5.0,9.100694101931174,0.0,0,26,0,0,26,26,0,True,True,0.0,2501,0.007458884666486698,5.0,0,True,0.4551117554335375,30.0,True,1.0,0,7.50214530623304,61.16555192082298,
e4_stable,follownet_highd,residual_idm,driver_fold4_seed2,"core with margin 0.2, certified budget (D86)",4,2,0.3,0.34594458450737225,0.10378337535221167,0.005189285379855063,0.05189285379855063,0.010378570759710127,35.32887268066406,0.9886175394058228,3.2418761253356934,1.573002576828003,0.5000132322311401,26,0.009461283350185035,0.009461283350185035,5.0,9.100694101931174,0.0,0,26,0,0,26,26,0,True,True,0.0,2501,0.009461283350185035,5.0,0,True,0.4551117554335375,30.0,True,1.0,0,7.50214530623304,61.16555192082298,
e4_stable,follownet_highd,residual_idm,driver_fold4_seed3,"core with margin 0.2, certified budget (D86)",4,3,0.3,0.34720211517893335,0.10416063455368,0.005208059170766488,0.052080591707664874,0.010416118341532976,35.32887268066406,0.9886175394058228,3.2418761253356934,1.573002576828003,0.5000132322311401,26,0.009227792077902919,0.009227792077902919,5.0,9.100694101931174,0.0,0,26,0,0,26,26,0,True,True,0.0,2501,0.009227792077902919,5.0,0,True,0.4551117554335375,30.0,True,1.0,0,7.50214530623304,61.16555192082298,
e4_stable,follownet_highd,residual_idm,driver_fold4_seed4,"core with margin 0.2, certified budget (D86)",4,4,0.3,0.35497667422870327,0.10649300226861098,0.005324783782464619,0.053247837824646184,0.010649567564929237,35.32887268066406,0.9886175394058228,3.2418761253356934,1.573002576828003,0.5000132322311401,26,0.007776773822418148,0.007776773822418148,5.0,9.100694101931174,0.0,0,26,0,0,26,26,0,True,True,0.0,2501,0.007776773822418148,5.0,0,True,0.4551117554335375,30.0,True,1.0,0,7.50214530623304,61.16555192082298,
e4_stable_ft,ngsim_i80,residual_idm,driver_fold0_seed0,"core with margin 0.2, certified budget, fine-tuned (D86)",0,0,0.3,0.3348684471967966,0.10046053415903898,0.005023677178014134,0.05023677178014133,0.010047354356028267,35.213199615478516,0.9788587093353271,3.193310499191284,1.5670632123947144,0.5000092387199402,26,0.010679916479940488,0.010679916479940488,5.0,8.99649192322812,0.0,0,26,0,0,26,26,0,True,True,0.0,2501,0.010679916479940488,5.0,0,True,0.4415014304655234,30.0,True,1.0,0,7.410674308402643,61.34076888063236,
e4_stable_ft,ngsim_i80,residual_idm,driver_fold0_seed1,"core with margin 0.2, certified budget, fine-tuned (D86)",0,1,0.3,0.35255327325628805,0.10576598197688641,0.005288301388700754,0.05288301388700754,0.010576602777401509,35.213199615478516,0.9788587093353271,3.193310499191284,1.5670632123947144,0.5000092387199402,26,0.007384326269071817,0.007384326269071817,5.0,8.99649192322812,0.0,0,26,0,0,26,26,0,True,True,0.0,2501,0.007384326269071817,5.0,0,True,0.4415014304655234,30.0,True,1.0,0,7.410674308402643,61.34076888063236,
e4_stable_ft,ngsim_i80,residual_idm,driver_fold0_seed2,"core with margin 0.2, certified budget, fine-tuned (D86)",0,2,0.3,0.3419351996607227,0.10258055989821681,0.005133670352593241,0.051336703525932406,0.010267340705186482,35.213199615478516,0.9788587093353271,3.193310499191284,1.5670632123947144,0.5000092387199402,26,0.009309329621329576,0.009309329621329576,5.0,8.99649192322812,0.0,0,26,0,0,26,26,0,True,True,0.0,2501,0.009309329621329576,5.0,0,True,0.4415014304655234,30.0,True,1.0,0,7.410674308402643,61.34076888063236,
e4_stable_ft,ngsim_i80,residual_idm,driver_fold0_seed3,"core with margin 0.2, certified budget, fine-tuned (D86)",0,3,0.3,0.34317815596215484,0.10295344678864644,0.0051478497543041984,0.051478497543041984,0.010295699508608397,35.213199615478516,0.9788587093353271,3.193310499191284,1.5670632123947144,0.5000092387199402,26,0.009132722477315891,0.009132722477315891,5.0,8.99649192322812,0.0,0,26,0,0,26,26,0,True,True,0.0,2501,0.009132722477315891,5.0,0,True,0.4415014304655234,30.0,True,1.0,0,7.410674308402643,61.34076888063236,
e4_stable_ft,ngsim_i80,residual_idm,driver_fold0_seed4,"core with margin 0.2, certified budget, fine-tuned (D86)",0,4,0.3,0.350862610409513,0.1052587831228539,0.005262941663182236,0.05262941663182236,0.010525883326364472,35.213199615478516,0.9788587093353271,3.193310499191284,1.5670632123947144,0.5000092387199402,26,0.007699885507252313,0.007699885507252313,5.0,8.99649192322812,0.0,0,26,0,0,26,26,0,True,True,0.0,2501,0.007699885507252313,5.0,0,True,0.4415014304655234,30.0,True,1.0,0,7.410674308402643,61.34076888063236,
e4_stable_ft,ngsim_i80,residual_idm,driver_fold1_seed0,"core with margin 0.2, certified budget, fine-tuned (D86)",1,0,0.3,0.33868041542902283,0.10160412462870684,0.00508023969896496,0.0508023969896496,0.01016047939792992,35.14104461669922,0.9873303771018982,3.2530648708343506,1.5770609378814697,0.5000016689300537,26,0.010805755615107882,0.010805755615107882,5.0,9.103266149811756,0.0,0,26,0,0,26,26,0,True,True,0.0,2501,0.010805755615107882,5.0,0,True,0.43938734599336743,30.0,True,1.0,0,7.508077023466643,62.278693008392686,
e4_stable_ft,ngsim_i80,residual_idm,driver_fold1_seed1,"core with margin 0.2, certified budget, fine-tuned (D86)",1,1,0.3,0.3565665563502027,0.1069699669050608,0.005349436706607306,0.05349436706607305,0.010698873413214611,35.14104461669922,0.9873303771018982,3.2530648708343506,1.5770609378814697,0.5000016689300537,26,0.007454229213516905,0.007454229213516905,5.0,9.103266149811756,0.0,0,26,0,0,26,26,0,True,True,0.0,2501,0.007454229213516905,5.0,0,True,0.43938734599336743,30.0,True,1.0,0,7.508077023466643,62.278693008392686,
e4_stable_ft,ngsim_i80,residual_idm,driver_fold1_seed2,"core with margin 0.2, certified budget, fine-tuned (D86)",1,2,0.3,0.34582761212746255,0.10374828363823876,0.005187962008464128,0.051879620084641274,0.010375924016928256,35.14104461669922,0.9873303771018982,3.2530648708343506,1.5770609378814697,0.5000016689300537,26,0.00946383804063644,0.00946383804063644,5.0,9.103266149811756,0.0,0,26,0,0,26,26,0,True,True,0.0,2501,0.00946383804063644,5.0,0,True,0.43938734599336743,30.0,True,1.0,0,7.508077023466643,62.278693008392686,
e4_stable_ft,ngsim_i80,residual_idm,driver_fold1_seed3,"core with margin 0.2, certified budget, fine-tuned (D86)",1,3,0.3,0.3470847175969479,0.10412541527908438,0.005209868575111378,0.052098685751113774,0.010419737150222756,35.14104461669922,0.9873303771018982,3.2530648708343506,1.5770609378814697,0.5000016689300537,26,0.009191068664941793,0.009191068664941793,5.0,9.103266149811756,0.0,0,26,0,0,26,26,0,True,True,0.0,2501,0.009191068664941793,5.0,0,True,0.43938734599336743,30.0,True,1.0,0,7.508077023466643,62.278693008392686,
e4_stable_ft,ngsim_i80,residual_idm,driver_fold1_seed4,"core with margin 0.2, certified budget, fine-tuned (D86)",1,4,0.3,0.35485664787692195,0.10645699436307658,0.005323689046096018,0.053236890460960175,0.010647378092192036,35.14104461669922,0.9873303771018982,3.2530648708343506,1.5770609378814697,0.5000016689300537,26,0.00777451404648033,0.00777451404648033,5.0,9.103266149811756,0.0,0,26,0,0,26,26,0,True,True,0.0,2501,0.00777451404648033,5.0,0,True,0.43938734599336743,30.0,True,1.0,0,7.508077023466643,62.278693008392686,
e4_stable_ft,ngsim_i80,residual_idm,driver_fold2_seed0,"core with margin 0.2, certified budget, fine-tuned (D86)",2,0,0.3,0.33930593129280756,0.10179177938784227,0.005089600891498608,0.05089600891498608,0.010179201782997216,35.151615142822266,0.9875276684761047,3.251380443572998,1.5769108533859253,0.5000206232070923,26,0.010826259784314396,0.010826259784314396,5.0,9.102589362199819,0.0,0,26,0,0,26,26,0,True,True,0.0,2501,0.010826259784314396,5.0,0,True,0.44032402561332057,30.0,True,1.0,0,7.507378472763676,62.21746928038457,
e4_stable_ft,ngsim_i80,residual_idm,driver_fold2_seed1,"core with margin 0.2, certified budget, fine-tuned (D86)",2,1,0.3,0.3572251064975728,0.10716753194927182,0.005358854637463904,0.05358854637463904,0.010717709274927809,35.151615142822266,0.9875276684761047,3.251380443572998,1.5769108533859253,0.5000206232070923,26,0.0074739223617795725,0.0074739223617795725,5.0,9.102589362199819,0.0,0,26,0,0,26,26,0,True,True,0.0,2501,0.0074739223617795725,5.0,0,True,0.44032402561332057,30.0,True,1.0,0,7.507378472763676,62.21746928038457,
e4_stable_ft,ngsim_i80,residual_idm,driver_fold2_seed2,"core with margin 0.2, certified budget, fine-tuned (D86)",2,2,0.3,0.34646632829664675,0.10393989848899403,0.00519726212245065,0.05197262122450649,0.0103945242449013,35.151615142822266,0.9875276684761047,3.251380443572998,1.5769108533859253,0.5000206232070923,26,0.009485060685080704,0.009485060685080704,5.0,9.102589362199819,0.0,0,26,0,0,26,26,0,True,True,0.0,2501,0.009485060685080704,5.0,0,True,0.44032402561332057,30.0,True,1.0,0,7.507378472763676,62.21746928038457,
e4_stable_ft,ngsim_i80,residual_idm,driver_fold2_seed3,"core with margin 0.2, certified budget, fine-tuned (D86)",2,3,0.3,0.34772575554022284,0.10431772666206685,0.005215896738777801,0.05215896738777801,0.010431793477555603,35.151615142822266,0.9875276684761047,3.251380443572998,1.5769108533859253,0.5000206232070923,26,0.00925302189283772,0.00925302189283772,5.0,9.102589362199819,0.0,0,26,0,0,26,26,0,True,True,0.0,2501,0.00925302189283772,5.0,0,True,0.44032402561332057,30.0,True,1.0,0,7.507378472763676,62.21746928038457,
e4_stable_ft,ngsim_i80,residual_idm,driver_fold2_seed4,"core with margin 0.2, certified budget, fine-tuned (D86)",2,4,0.3,0.35551203995896863,0.10665361198769059,0.005332914499672599,0.05332914499672598,0.010665828999345197,35.151615142822266,0.9875276684761047,3.251380443572998,1.5769108533859253,0.5000206232070923,26,0.0077966117264993695,0.0077966117264993695,5.0,9.102589362199819,0.0,0,26,0,0,26,26,0,True,True,0.0,2501,0.0077966117264993695,5.0,0,True,0.44032402561332057,30.0,True,1.0,0,7.507378472763676,62.21746928038457,
e4_stable_ft,ngsim_i80,residual_idm,driver_fold3_seed0,"core with margin 0.2, certified budget, fine-tuned (D86)",3,0,0.3,0.3422405252524729,0.10267215757574187,0.0051344967950008695,0.05134496795000869,0.010268993590001739,35.17245101928711,0.9923809766769409,3.2756454944610596,1.5805469751358032,0.5000129342079163,26,0.010904268016631802,0.010904268016631802,5.0,9.154054903705406,0.0,0,26,0,0,26,26,0,True,True,0.0,2501,0.010904268016631802,5.0,0,True,0.44401625795921634,30.0,True,1.0,0,7.553256618655511,62.350119639508314,
e4_stable_ft,ngsim_i80,residual_idm,driver_fold3_seed1,"core with margin 0.2, certified budget, fine-tuned (D86)",3,1,0.3,0.3603146800743575,0.10809440402230726,0.005405199917273943,0.05405199917273942,0.010810399834547886,35.17245101928711,0.9923809766769409,3.2756454944610596,1.5805469751358032,0.5000129342079163,26,0.007535281846171471,0.007535281846171471,5.0,9.154054903705406,0.0,0,26,0,0,26,26,0,True,True,0.0,2501,0.007535281846171471,5.0,0,True,0.44401625795921634,30.0,True,1.0,0,7.553256618655511,62.350119639508314,
e4_stable_ft,ngsim_i80,residual_idm,driver_fold3_seed2,"core with margin 0.2, certified budget, fine-tuned (D86)",3,2,0.3,0.34946285119965886,0.10483885535989766,0.0052429700989333385,0.05242970098933338,0.010485940197866677,35.17245101928711,0.9923809766769409,3.2756454944610596,1.5805469751358032,0.5000129342079163,26,0.009553509068208177,0.009553509068208177,5.0,9.154054903705406,0.0,0,26,0,0,26,26,0,True,True,0.0,2501,0.009553509068208177,5.0,0,True,0.44401625795921634,30.0,True,1.0,0,7.553256618655511,62.350119639508314,
e4_stable_ft,ngsim_i80,residual_idm,driver_fold3_seed3,"core with margin 0.2, certified budget, fine-tuned (D86)",3,3,0.3,0.35073317099547413,0.10521995129864224,0.005261841871617171,0.05261841871617171,0.010523683743234343,35.17245101928711,0.9923809766769409,3.2756454944610596,1.5805469751358032,0.5000129342079163,26,0.009318614907920075,0.009318614907920075,5.0,9.154054903705406,0.0,0,26,0,0,26,26,0,True,True,0.0,2501,0.009318614907920075,5.0,0,True,0.44401625795921634,30.0,True,1.0,0,7.553256618655511,62.350119639508314,
e4_stable_ft,ngsim_i80,residual_idm,driver_fold3_seed4,"core with margin 0.2, certified budget, fine-tuned (D86)",3,4,0.3,0.3585867975415338,0.10757603926246014,0.00538083549750271,0.053808354975027096,0.01076167099500542,35.17245101928711,0.9923809766769409,3.2756454944610596,1.5805469751358032,0.5000129342079163,26,0.007838240690244525,0.007838240690244525,5.0,9.154054903705406,0.0,0,26,0,0,26,26,0,True,True,0.0,2501,0.007838240690244525,5.0,0,True,0.44401625795921634,30.0,True,1.0,0,7.553256618655511,62.350119639508314,
e4_stable_ft,ngsim_i80,residual_idm,driver_fold4_seed0,"core with margin 0.2, certified budget, fine-tuned (D86)",4,0,0.3,0.338794970348388,0.1016384911045164,0.005081981433267764,0.05081981433267763,0.010163962866535528,35.32887268066406,0.9886175394058228,3.2418761253356934,1.573002576828003,0.5000132322311401,26,0.010796427137426234,0.010796427137426234,5.0,9.100694101931174,0.0,0,26,0,0,26,26,0,True,True,0.0,2501,0.010796427137426234,5.0,0,True,0.4551117554335375,30.0,True,1.0,0,7.50214530623304,61.16555192082298,
e4_stable_ft,ngsim_i80,residual_idm,driver_fold4_seed1,"core with margin 0.2, certified budget, fine-tuned (D86)",4,1,0.3,0.35668716105968756,0.10700614831790627,0.005350310413361726,0.05350310413361726,0.010700620826723453,35.32887268066406,0.9886175394058228,3.2418761253356934,1.573002576828003,0.5000132322311401,26,0.00745960885179231,0.00745960885179231,5.0,9.100694101931174,0.0,0,26,0,0,26,26,0,True,True,0.0,2501,0.00745960885179231,5.0,0,True,0.4551117554335375,30.0,True,1.0,0,7.50214530623304,61.16555192082298,
e4_stable_ft,ngsim_i80,residual_idm,driver_fold4_seed2,"core with margin 0.2, certified budget, fine-tuned (D86)",4,2,0.3,0.34594458450737225,0.10378337535221167,0.005189402956149686,0.05189402956149686,0.010378805912299373,35.32887268066406,0.9886175394058228,3.2418761253356934,1.573002576828003,0.5000132322311401,26,0.009459820947055664,0.009459820947055664,5.0,9.100694101931174,0.0,0,26,0,0,26,26,0,True,True,0.0,2501,0.009459820947055664,5.0,0,True,0.4551117554335375,30.0,True,1.0,0,7.50214530623304,61.16555192082298,
e4_stable_ft,ngsim_i80,residual_idm,driver_fold4_seed3,"core with margin 0.2, certified budget, fine-tuned (D86)",4,3,0.3,0.34720211517893335,0.10416063455368,0.005210160776885613,0.052101607768856126,0.010420321553771227,35.32887268066406,0.9886175394058228,3.2418761253356934,1.573002576828003,0.5000132322311401,26,0.009201656149965265,0.009201656149965265,5.0,9.100694101931174,0.0,0,26,0,0,26,26,0,True,True,0.0,2501,0.009201656149965265,5.0,0,True,0.4551117554335375,30.0,True,1.0,0,7.50214530623304,61.16555192082298,
e4_stable_ft,ngsim_i80,residual_idm,driver_fold4_seed4,"core with margin 0.2, certified budget, fine-tuned (D86)",4,4,0.3,0.35497667422870327,0.10649300226861098,0.005324684022465416,0.05324684022465416,0.010649368044930833,35.32887268066406,0.9886175394058228,3.2418761253356934,1.573002576828003,0.5000132322311401,26,0.00777801343953477,0.00777801343953477,5.0,9.100694101931174,0.0,0,26,0,0,26,26,0,True,True,0.0,2501,0.00777801343953477,5.0,0,True,0.4551117554335375,30.0,True,1.0,0,7.50214530623304,61.16555192082298,
e4_stable_r0.5,follownet_highd,residual_idm,driver_fold0_seed0,"core with margin 0.2, certified budget (D111)",0,0,0.5,0.05250611303484939,0.026253056517424694,0.0013126596779412575,0.013126596779412573,0.002625319355882515,35.213199615478516,0.9788587093353271,3.193310499191284,1.5670632123947144,0.5000092387199402,26,0.0024859517659321373,0.0024859517659321373,5.0,9.80387430248678,0.0,0,26,0,0,26,26,0,True,True,0.0,2501,0.0024859517659321373,5.0,0,True,0.24150143046552341,30.0,True,1.0,0,7.042927021519728,82.93835534810968,
e4_stable_r0.5,follownet_highd,residual_idm,driver_fold0_seed1,"core with margin 0.2, certified budget (D111)",0,1,0.5,0.05527902724595036,0.02763951362297518,0.001382041645881249,0.013820416458812488,0.002764083291762498,35.213199615478516,0.9788587093353271,3.193310499191284,1.5670632123947144,0.5000092387199402,26,0.001718006776282699,0.001718006776282699,5.0,9.80387430248678,0.0,0,26,0,0,26,26,0,True,True,0.0,2501,0.001718006776282699,5.0,0,True,0.24150143046552341,30.0,True,1.0,0,7.042927021519728,82.93835534810968,
e4_stable_r0.5,follownet_highd,residual_idm,driver_fold0_seed2,"core with margin 0.2, certified budget (D111)",0,2,0.5,0.05361415324217938,0.02680707662108969,0.0013403684106210853,0.013403684106210852,0.0026807368212421706,35.213199615478516,0.9788587093353271,3.193310499191284,1.5670632123947144,0.5000092387199402,26,0.002179210573992285,0.002179210573992285,5.0,9.80387430248678,0.0,0,26,0,0,26,26,0,True,True,0.0,2501,0.002179210573992285,5.0,0,True,0.24150143046552341,30.0,True,1.0,0,7.042927021519728,82.93835534810968,
e4_stable_r0.5,follownet_highd,residual_idm,driver_fold0_seed3,"core with margin 0.2, certified budget (D111)",0,3,0.5,0.05380904411531685,0.026904522057658423,0.0013452589717266653,0.013452589717266651,0.0026905179434533306,35.213199615478516,0.9788587093353271,3.193310499191284,1.5670632123947144,0.5000092387199402,26,0.002125078102941047,0.002125078102941047,5.0,9.80387430248678,0.0,0,26,0,0,26,26,0,True,True,0.0,2501,0.002125078102941047,5.0,0,True,0.24150143046552341,30.0,True,1.0,0,7.042927021519728,82.93835534810968,
e4_stable_r0.5,follownet_highd,residual_idm,driver_fold0_seed4,"core with margin 0.2, certified budget (D111)",0,4,0.5,0.055013937670388105,0.027506968835194053,0.0013753816225259173,0.013753816225259171,0.0027507632450518345,35.213199615478516,0.9788587093353271,3.193310499191284,1.5670632123947144,0.5000092387199402,26,0.001791703969815206,0.001791703969815206,5.0,9.80387430248678,0.0,0,26,0,0,26,26,0,True,True,0.0,2501,0.001791703969815206,5.0,0,True,0.24150143046552341,30.0,True,1.0,0,7.042927021519728,82.93835534810968,
e4_stable_r0.5,follownet_highd,residual_idm,driver_fold1_seed0,"core with margin 0.2, certified budget (D111)",1,0,0.5,0.05585175639127233,0.027925878195636165,0.0013963288196798802,0.013963288196798802,0.0027926576393597605,35.14104461669922,0.9873303771018982,3.2530648708343506,1.5770609378814697,0.5000016689300537,26,0.0026456493641746626,0.0026456493641746626,5.0,9.912959514183596,0.0,0,26,0,0,26,26,0,True,True,0.0,2501,0.0026456493641746626,5.0,0,True,0.23938734599336742,30.0,True,1.0,0,7.137335040921781,84.37478274468687,
e4_stable_r0.5,follownet_highd,residual_idm,driver_fold1_seed1,"core with margin 0.2, certified budget (D111)",1,1,0.5,0.05880135825781149,0.029400679128905746,0.0014700869260458275,0.014700869260458275,0.002940173852091655,35.14104461669922,0.9873303771018982,3.2530648708343506,1.5770609378814697,0.5000016689300537,26,0.0018287416329779704,0.0018287416329779704,5.0,9.912959514183596,0.0,0,26,0,0,26,26,0,True,True,0.0,2501,0.0018287416329779704,5.0,0,True,0.23938734599336742,30.0,True,1.0,0,7.137335040921781,84.37478274468687,
e4_stable_r0.5,follownet_highd,residual_idm,driver_fold1_seed2,"core with margin 0.2, certified budget (D111)",1,2,0.5,0.05703039994636569,0.028515199973182845,0.0014257706805509748,0.014257706805509748,0.0028515413611019495,35.14104461669922,0.9873303771018982,3.2530648708343506,1.5770609378814697,0.5000016689300537,26,0.0023195086951739996,0.0023195086951739996,5.0,9.912959514183596,0.0,0,26,0,0,26,26,0,True,True,0.0,2501,0.0023195086951739996,5.0,0,True,0.23938734599336742,30.0,True,1.0,0,7.137335040921781,84.37478274468687,
e4_stable_r0.5,follownet_highd,residual_idm,driver_fold1_seed3,"core with margin 0.2, certified budget (D111)",1,3,0.5,0.05723770909458109,0.028618854547290545,0.0014310022967525492,0.01431002296752549,0.0028620045935050984,35.14104461669922,0.9873303771018982,3.2530648708343506,1.5770609378814697,0.5000016689300537,26,0.0022615637227274554,0.0022615637227274554,5.0,9.912959514183596,0.0,0,26,0,0,26,26,0,True,True,0.0,2501,0.0022615637227274554,5.0,0,True,0.23938734599336742,30.0,True,1.0,0,7.137335040921781,84.37478274468687,
e4_stable_r0.5,follownet_highd,residual_idm,driver_fold1_seed4,"core with margin 0.2, certified budget (D111)",1,4,0.5,0.05851937740757522,0.02925968870378761,0.001463013907046933,0.014630139070469329,0.002926027814093866,35.14104461669922,0.9873303771018982,3.2530648708343506,1.5770609378814697,0.5000016689300537,26,0.001907058084781199,0.001907058084781199,5.0,9.912959514183596,0.0,0,26,0,0,26,26,0,True,True,0.0,2501,0.001907058084781199,5.0,0,True,0.23938734599336742,30.0,True,1.0,0,7.137335040921781,84.37478274468687,
e4_stable_r0.5,follownet_highd,residual_idm,driver_fold2_seed0,"core with margin 0.2, certified budget (D111)",2,0,0.5,0.056149520734783194,0.028074760367391597,0.001403841530490152,0.014038415304901521,0.002807683060980304,35.151615142822266,0.9875276684761047,3.251380443572998,1.5769108533859253,0.5000206232070923,26,0.0026590229312052904,0.0026590229312052904,5.0,9.912330215661523,0.0,0,26,0,0,26,26,0,True,True,0.0,2501,0.0026590229312052904,5.0,0,True,0.24032402561332056,30.0,True,1.0,0,7.136643644714378,84.2170332595116,
e4_stable_r0.5,follownet_highd,residual_idm,driver_fold2_seed1,"core with margin 0.2, certified budget (D111)",2,1,0.5,0.05911484791275672,0.02955742395637836,0.0014778837577349426,0.014778837577349425,0.0029557675154698853,35.151615142822266,0.9875276684761047,3.251380443572998,1.5769108533859253,0.5000206232070923,26,0.0018389574118361507,0.0018389574118361507,5.0,9.912330215661523,0.0,0,26,0,0,26,26,0,True,True,0.0,2501,0.0018389574118361507,5.0,0,True,0.24032402561332056,30.0,True,1.0,0,7.136643644714378,84.2170332595116,
e4_stable_r0.5,follownet_highd,residual_idm,driver_fold2_seed2,"core with margin 0.2, certified budget (D111)",2,2,0.5,0.057334448031822964,0.028667224015911482,0.0014334293881670072,0.014334293881670072,0.0028668587763340143,35.151615142822266,0.9875276684761047,3.251380443572998,1.5769108533859253,0.5000206232070923,26,0.0023312604115240387,0.0023312604115240387,5.0,9.912330215661523,0.0,0,26,0,0,26,26,0,True,True,0.0,2501,0.0023312604115240387,5.0,0,True,0.24032402561332056,30.0,True,1.0,0,7.136643644714378,84.2170332595116,
e4_stable_r0.5,follownet_highd,residual_idm,driver_fold2_seed3,"core with margin 0.2, certified budget (D111)",2,3,0.5,0.057542862414258565,0.028771431207129283,0.0014386227327600044,0.014386227327600044,0.002877245465520009,35.151615142822266,0.9875276684761047,3.251380443572998,1.5769108533859253,0.5000206232070923,26,0.0022737385533702636,0.0022737385533702636,5.0,9.912330215661523,0.0,0,26,0,0,26,26,0,True,True,0.0,2501,0.0022737385533702636,5.0,0,True,0.24032402561332056,30.0,True,1.0,0,7.136643644714378,84.2170332595116,
e4_stable_r0.5,follownet_highd,residual_idm,driver_fold2_seed4,"core with margin 0.2, certified budget (D111)",2,4,0.5,0.05883136372854889,0.029415681864274446,0.0014708474151475378,0.014708474151475377,0.0029416948302950757,35.151615142822266,0.9875276684761047,3.251380443572998,1.5769108533859253,0.5000206232070923,26,0.0019168687085385772,0.0019168687085385772,5.0,9.912330215661523,0.0,0,26,0,0,26,26,0,True,True,0.0,2501,0.0019168687085385772,5.0,0,True,0.24032402561332056,30.0,True,1.0,0,7.136643644714378,84.2170332595116,
e4_stable_r0.5,follownet_highd,residual_idm,driver_fold3_seed0,"core with margin 0.2, certified budget (D111)",3,0,0.5,0.058234109909742066,0.029117054954871033,0.0014569168504368524,0.014569168504368523,0.0029138337008737048,35.17245101928711,0.9923809766769409,3.2756454944610596,1.5805469751358032,0.5000129342079163,26,0.00274686958082071,0.00274686958082071,5.0,9.965743719044497,0.0,0,26,0,0,26,26,0,True,True,0.0,2501,0.00274686958082071,5.0,0,True,0.24401625795921633,30.0,True,1.0,0,7.180925202850759,84.10607109109583,
e4_stable_r0.5,follownet_highd,residual_idm,driver_fold3_seed1,"core with margin 0.2, certified budget (D111)",3,1,0.5,0.06130952687752184,0.03065476343876092,0.00153274235711349,0.0153274235711349,0.00306548471422698,35.17245101928711,0.9923809766769409,3.2756454944610596,1.5805469751358032,0.5000129342079163,26,0.0019071185602755891,0.0019071185602755891,5.0,9.965743719044497,0.0,0,26,0,0,26,26,0,True,True,0.0,2501,0.0019071185602755891,5.0,0,True,0.24401625795921633,30.0,True,1.0,0,7.180925202850759,84.10607109109583,
e4_stable_r0.5,follownet_highd,residual_idm,driver_fold3_seed2,"core with margin 0.2, certified budget (D111)",3,2,0.5,0.05946302843919483,0.029731514219597414,0.0014865883647535957,0.014865883647535955,0.0029731767295071913,35.17245101928711,0.9923809766769409,3.2756454944610596,1.5805469751358032,0.5000129342079163,26,0.0024182037468954976,0.0024182037468954976,5.0,9.965743719044497,0.0,0,26,0,0,26,26,0,True,True,0.0,2501,0.0024182037468954976,5.0,0,True,0.24401625795921633,30.0,True,1.0,0,7.180925202850759,84.10607109109583,
e4_stable_r0.5,follownet_highd,residual_idm,driver_fold3_seed3,"core with margin 0.2, certified budget (D111)",3,3,0.5,0.05967918034743378,0.02983959017371689,0.0014930892819816394,0.014930892819816393,0.0029861785639632788,35.17245101928711,0.9923809766769409,3.2756454944610596,1.5805469751358032,0.5000129342079163,26,0.002346204645173322,0.002346204645173322,5.0,9.965743719044497,0.0,0,26,0,0,26,26,0,True,True,0.0,2501,0.002346204645173322,5.0,0,True,0.24401625795921633,30.0,True,1.0,0,7.180925202850759,84.10607109109583,
e4_stable_r0.5,follownet_highd,residual_idm,driver_fold3_seed4,"core with margin 0.2, certified budget (D111)",3,4,0.5,0.06101551815002429,0.030507759075012145,0.001539787482745981,0.015397874827459808,0.003079574965491962,35.17245101928711,0.9923809766769409,3.2756454944610596,1.5805469751358032,0.5000129342079163,26,0.0018291210124777857,0.0018291210124777857,5.0,9.965743719044497,0.0,0,26,0,0,26,26,0,True,True,0.0,2501,0.0018291210124777857,5.0,0,True,0.24401625795921633,30.0,True,1.0,0,7.180925202850759,84.10607109109583,
e4_stable_r0.5,follownet_highd,residual_idm,driver_fold4_seed0,"core with margin 0.2, certified budget (D111)",4,0,0.5,0.055651102043655414,0.027825551021827707,0.0013913404112341177,0.013913404112341177,0.0027826808224682355,35.32887268066406,0.9886175394058228,3.2418761253356934,1.573002576828003,0.5000132322311401,26,0.002631749699856023,0.002631749699856023,5.0,9.913085498158571,0.0,0,26,0,0,26,26,0,True,True,0.0,2501,0.002631749699856023,5.0,0,True,0.2551117554335375,30.0,True,1.0,0,7.1309546889598066,81.69598060222016,
e4_stable_r0.5,follownet_highd,residual_idm,driver_fold4_seed1,"core with margin 0.2, certified budget (D111)",4,1,0.5,0.05859010710041632,0.02929505355020816,0.0014647691507133774,0.014647691507133773,0.002929538301426755,35.32887268066406,0.9886175394058228,3.2418761253356934,1.573002576828003,0.5000132322311401,26,0.0018197509503063425,0.0018197509503063425,5.0,9.913085498158571,0.0,0,26,0,0,26,26,0,True,True,0.0,2501,0.0018197509503063425,5.0,0,True,0.2551117554335375,30.0,True,1.0,0,7.1309546889598066,81.69598060222016,
e4_stable_r0.5,follownet_highd,residual_idm,driver_fold4_seed2,"core with margin 0.2, certified budget (D111)",4,2,0.5,0.056825511175896196,0.028412755587948098,0.0014206460693629212,0.014206460693629212,0.0028412921387258425,35.32887268066406,0.9886175394058228,3.2418761253356934,1.573002576828003,0.5000132322311401,26,0.0023076213597445494,0.0023076213597445494,5.0,9.913085498158571,0.0,0,26,0,0,26,26,0,True,True,0.0,2501,0.0023076213597445494,5.0,0,True,0.2551117554335375,30.0,True,1.0,0,7.1309546889598066,81.69598060222016,
e4_stable_r0.5,follownet_highd,residual_idm,driver_fold4_seed3,"core with margin 0.2, certified budget (D111)",4,3,0.5,0.05703207554033795,0.028516037770168975,0.0014258445223869778,0.014258445223869777,0.0028516890447739555,35.32887268066406,0.9886175394058228,3.2418761253356934,1.573002576828003,0.5000132322311401,26,0.00225013298475063,0.00225013298475063,5.0,9.913085498158571,0.0,0,26,0,0,26,26,0,True,True,0.0,2501,0.00225013298475063,5.0,0,True,0.2551117554335375,30.0,True,1.0,0,7.1309546889598066,81.69598060222016,
e4_stable_r0.5,follownet_highd,residual_idm,driver_fold4_seed4,"core with margin 0.2, certified budget (D111)",4,4,0.5,0.05830913930128533,0.029154569650642666,0.0014577484903291306,0.014577484903291306,0.0029154969806582613,35.32887268066406,0.9886175394058228,3.2418761253356934,1.573002576828003,0.5000132322311401,26,0.001897367169406583,0.001897367169406583,5.0,9.913085498158571,0.0,0,26,0,0,26,26,0,True,True,0.0,2501,0.001897367169406583,5.0,0,True,0.2551117554335375,30.0,True,1.0,0,7.1309546889598066,81.69598060222016,
e4_stable_ft_r0.5,ngsim_i80,residual_idm,driver_fold0_seed0,"core with margin 0.2, certified budget, fine-tuned (D111)",0,0,0.5,0.05250611303484939,0.026253056517424694,0.0013126544534655586,0.013126544534655586,0.0026253089069311173,35.213199615478516,0.9788587093353271,3.193310499191284,1.5670632123947144,0.5000092387199402,26,0.0024860096082898187,0.0024860096082898187,5.0,9.80387430248678,0.0,0,26,0,0,26,26,0,True,True,0.0,2501,0.0024860096082898187,5.0,0,True,0.24150143046552341,30.0,True,1.0,0,7.042927021519728,82.93835534810968,
e4_stable_ft_r0.5,ngsim_i80,residual_idm,driver_fold0_seed1,"core with margin 0.2, certified budget, fine-tuned (D111)",0,1,0.5,0.05527902724595036,0.02763951362297518,0.0013819817236662506,0.013819817236662505,0.0027639634473325013,35.213199615478516,0.9788587093353271,3.193310499191284,1.5670632123947144,0.5000092387199402,26,0.0017186698344950346,0.0017186698344950346,5.0,9.80387430248678,0.0,0,26,0,0,26,26,0,True,True,0.0,2501,0.0017186698344950346,5.0,0,True,0.24150143046552341,30.0,True,1.0,0,7.042927021519728,82.93835534810968,
e4_stable_ft_r0.5,ngsim_i80,residual_idm,driver_fold0_seed2,"core with margin 0.2, certified budget, fine-tuned (D111)",0,2,0.5,0.05361415324217938,0.02680707662108969,0.0013403647875817432,0.013403647875817432,0.0026807295751634865,35.213199615478516,0.9788587093353271,3.193310499191284,1.5670632123947144,0.5000092387199402,26,0.0021792506773431475,0.0021792506773431475,5.0,9.80387430248678,0.0,0,26,0,0,26,26,0,True,True,0.0,2501,0.0021792506773431475,5.0,0,True,0.24150143046552341,30.0,True,1.0,0,7.042927021519728,82.93835534810968,
e4_stable_ft_r0.5,ngsim_i80,residual_idm,driver_fold0_seed3,"core with margin 0.2, certified budget, fine-tuned (D111)",0,3,0.5,0.05380904411531685,0.026904522057658423,0.0013452293519918587,0.013452293519918586,0.0026904587039837174,35.213199615478516,0.9788587093353271,3.193310499191284,1.5670632123947144,0.5000092387199402,26,0.002125405950486603,0.002125405950486603,5.0,9.80387430248678,0.0,0,26,0,0,26,26,0,True,True,0.0,2501,0.002125405950486603,5.0,0,True,0.24150143046552341,30.0,True,1.0,0,7.042927021519728,82.93835534810968,
e4_stable_ft_r0.5,ngsim_i80,residual_idm,driver_fold0_seed4,"core with margin 0.2, certified budget, fine-tuned (D111)",0,4,0.5,0.055013937670388105,0.027506968835194053,0.001375392085818592,0.01375392085818592,0.002750784171637184,35.213199615478516,0.9788587093353271,3.193310499191284,1.5670632123947144,0.5000092387199402,26,0.0017915881840809833,0.0017915881840809833,5.0,9.80387430248678,0.0,0,26,0,0,26,26,0,True,True,0.0,2501,0.0017915881840809833,5.0,0,True,0.24150143046552341,30.0,True,1.0,0,7.042927021519728,82.93835534810968,
e4_stable_ft_r0.5,ngsim_i80,residual_idm,driver_fold1_seed0,"core with margin 0.2, certified budget, fine-tuned (D111)",1,0,0.5,0.05585175639127233,0.027925878195636165,0.0013963082962858025,0.013963082962858024,0.002792616592571605,35.14104461669922,0.9873303771018982,3.2530648708343506,1.5770609378814697,0.5000016689300537,26,0.0026458767376010828,0.0026458767376010828,5.0,9.912959514183596,0.0,0,26,0,0,26,26,0,True,True,0.0,2501,0.0026458767376010828,5.0,0,True,0.23938734599336742,30.0,True,1.0,0,7.137335040921781,84.37478274468687,
e4_stable_ft_r0.5,ngsim_i80,residual_idm,driver_fold1_seed1,"core with margin 0.2, certified budget, fine-tuned (D111)",1,1,0.5,0.05880135825781149,0.029400679128905746,0.001470036892477504,0.01470036892477504,0.002940073784955008,35.14104461669922,0.9873303771018982,3.2530648708343506,1.5770609378814697,0.5000016689300537,26,0.0018292956173779906,0.0018292956173779906,5.0,9.912959514183596,0.0,0,26,0,0,26,26,0,True,True,0.0,2501,0.0018292956173779906,5.0,0,True,0.23938734599336742,30.0,True,1.0,0,7.137335040921781,84.37478274468687,
e4_stable_ft_r0.5,ngsim_i80,residual_idm,driver_fold1_seed2,"core with margin 0.2, certified budget, fine-tuned (D111)",1,2,0.5,0.05703039994636569,0.028515199973182845,0.0014257725419902223,0.014257725419902223,0.0028515450839804446,35.14104461669922,0.9873303771018982,3.2530648708343506,1.5770609378814697,0.5000016689300537,26,0.002319488077589915,0.002319488077589915,5.0,9.912959514183596,0.0,0,26,0,0,26,26,0,True,True,0.0,2501,0.002319488077589915,5.0,0,True,0.23938734599336742,30.0,True,1.0,0,7.137335040921781,84.37478274468687,
e4_stable_ft_r0.5,ngsim_i80,residual_idm,driver_fold1_seed3,"core with margin 0.2, certified budget, fine-tuned (D111)",1,3,0.5,0.05723770909458109,0.028618854547290545,0.001430945147463704,0.01430945147463704,0.002861890294927408,35.14104461669922,0.9873303771018982,3.2530648708343506,1.5770609378814697,0.5000016689300537,26,0.002262196690775653,0.002262196690775653,5.0,9.912959514183596,0.0,0,26,0,0,26,26,0,True,True,0.0,2501,0.002262196690775653,5.0,0,True,0.23938734599336742,30.0,True,1.0,0,7.137335040921781,84.37478274468687,
e4_stable_ft_r0.5,ngsim_i80,residual_idm,driver_fold1_seed4,"core with margin 0.2, certified budget, fine-tuned (D111)",1,4,0.5,0.05851937740757522,0.02925968870378761,0.001463586899369986,0.01463586899369986,0.002927173798739972,35.14104461669922,0.9873303771018982,3.2530648708343506,1.5770609378814697,0.5000016689300537,26,0.001900713427038736,0.001900713427038736,5.0,9.912959514183596,0.0,0,26,0,0,26,26,0,True,True,0.0,2501,0.001900713427038736,5.0,0,True,0.23938734599336742,30.0,True,1.0,0,7.137335040921781,84.37478274468687,
e4_stable_ft_r0.5,ngsim_i80,residual_idm,driver_fold2_seed0,"core with margin 0.2, certified budget, fine-tuned (D111)",2,0,0.5,0.056149520734783194,0.028074760367391597,0.0014037507504220512,0.01403750750422051,0.0028075015008441023,35.151615142822266,0.9875276684761047,3.251380443572998,1.5769108533859253,0.5000206232070923,26,0.002660028675240844,0.002660028675240844,5.0,9.912330215661523,0.0,0,26,0,0,26,26,0,True,True,0.0,2501,0.002660028675240844,5.0,0,True,0.24032402561332056,30.0,True,1.0,0,7.136643644714378,84.2170332595116,
e4_stable_ft_r0.5,ngsim_i80,residual_idm,driver_fold2_seed1,"core with margin 0.2, certified budget, fine-tuned (D111)",2,1,0.5,0.05911484791275672,0.02955742395637836,0.001477879571172739,0.014778795711727388,0.002955759142345478,35.151615142822266,0.9875276684761047,3.251380443572998,1.5769108533859253,0.5000206232070923,26,0.0018390037670799053,0.0018390037670799053,5.0,9.912330215661523,0.0,0,26,0,0,26,26,0,True,True,0.0,2501,0.0018390037670799053,5.0,0,True,0.24032402561332056,30.0,True,1.0,0,7.136643644714378,84.2170332595116,
e4_stable_ft_r0.5,ngsim_i80,residual_idm,driver_fold2_seed2,"core with margin 0.2, certified budget, fine-tuned (D111)",2,2,0.5,0.057334448031822964,0.028667224015911482,0.0014333688099380218,0.014333688099380217,0.0028667376198760436,35.151615142822266,0.9875276684761047,3.251380443572998,1.5769108533859253,0.5000206232070923,26,0.0023319313943483966,0.0023319313943483966,5.0,9.912330215661523,0.0,0,26,0,0,26,26,0,True,True,0.0,2501,0.0023319313943483966,5.0,0,True,0.24032402561332056,30.0,True,1.0,0,7.136643644714378,84.2170332595116,
e4_stable_ft_r0.5,ngsim_i80,residual_idm,driver_fold2_seed3,"core with margin 0.2, certified budget, fine-tuned (D111)",2,3,0.5,0.057542862414258565,0.028771431207129283,0.0014385749902812222,0.014385749902812222,0.0028771499805624445,35.151615142822266,0.9875276684761047,3.251380443572998,1.5769108533859253,0.5000206232070923,26,0.0022742673416890624,0.0022742673416890624,5.0,9.912330215661523,0.0,0,26,0,0,26,26,0,True,True,0.0,2501,0.0022742673416890624,5.0,0,True,0.24032402561332056,30.0,True,1.0,0,7.136643644714378,84.2170332595116,
e4_stable_ft_r0.5,ngsim_i80,residual_idm,driver_fold2_seed4,"core with margin 0.2, certified budget, fine-tuned (D111)",2,4,0.5,0.05883136372854889,0.029415681864274446,0.0014708019717449246,0.014708019717449245,0.0029416039434898493,35.151615142822266,0.9875276684761047,3.251380443572998,1.5769108533859253,0.5000206232070923,26,0.001917371903773113,0.001917371903773113,5.0,9.912330215661523,0.0,0,26,0,0,26,26,0,True,True,0.0,2501,0.001917371903773113,5.0,0,True,0.24032402561332056,30.0,True,1.0,0,7.136643644714378,84.2170332595116,
e4_stable_ft_r0.5,ngsim_i80,residual_idm,driver_fold3_seed0,"core with margin 0.2, certified budget, fine-tuned (D111)",3,0,0.5,0.058234109909742066,0.029117054954871033,0.001455857808329222,0.01455857808329222,0.002911715616658444,35.17245101928711,0.9923809766769409,3.2756454944610596,1.5805469751358032,0.5000129342079163,26,0.002758601824841278,0.002758601824841278,5.0,9.965743719044497,0.0,0,26,0,0,26,26,0,True,True,0.0,2501,0.002758601824841278,5.0,0,True,0.24401625795921633,30.0,True,1.0,0,7.180925202850759,84.10607109109583,
e4_stable_ft_r0.5,ngsim_i80,residual_idm,driver_fold3_seed1,"core with margin 0.2, certified budget, fine-tuned (D111)",3,1,0.5,0.06130952687752184,0.03065476343876092,0.0015327434191182367,0.015327434191182366,0.0030654868382364734,35.17245101928711,0.9923809766769409,3.2756454944610596,1.5805469751358032,0.5000129342079163,26,0.0019071068023468474,0.0019071068023468474,5.0,9.965743719044497,0.0,0,26,0,0,26,26,0,True,True,0.0,2501,0.0019071068023468474,5.0,0,True,0.24401625795921633,30.0,True,1.0,0,7.180925202850759,84.10607109109583,
e4_stable_ft_r0.5,ngsim_i80,residual_idm,driver_fold3_seed2,"core with margin 0.2, certified budget, fine-tuned (D111)",3,2,0.5,0.05946302843919483,0.029731514219597414,0.001486580210123924,0.01486580210123924,0.002973160420247848,35.17245101928711,0.9923809766769409,3.2756454944610596,1.5805469751358032,0.5000129342079163,26,0.002418294063565196,0.002418294063565196,5.0,9.965743719044497,0.0,0,26,0,0,26,26,0,True,True,0.0,2501,0.002418294063565196,5.0,0,True,0.24401625795921633,30.0,True,1.0,0,7.180925202850759,84.10607109109583,
e4_stable_ft_r0.5,ngsim_i80,residual_idm,driver_fold3_seed3,"core with margin 0.2, certified budget, fine-tuned (D111)",3,3,0.5,0.05967918034743378,0.02983959017371689,0.001491992184863932,0.01491992184863932,0.002983984369727864,35.17245101928711,0.9923809766769409,3.2756454944610596,1.5805469751358032,0.5000129342079163,26,0.0023583549784896296,0.0023583549784896296,5.0,9.965743719044497,0.0,0,26,0,0,26,26,0,True,True,0.0,2501,0.0023583549784896296,5.0,0,True,0.24401625795921633,30.0,True,1.0,0,7.180925202850759,84.10607109109583,
e4_stable_ft_r0.5,ngsim_i80,residual_idm,driver_fold3_seed4,"core with margin 0.2, certified budget, fine-tuned (D111)",3,4,0.5,0.06101551815002429,0.030507759075012145,0.0015254008900482791,0.01525400890048279,0.0030508017800965582,35.17245101928711,0.9923809766769409,3.2756454944610596,1.5805469751358032,0.5000129342079163,26,0.0019884015917593922,0.0019884015917593922,5.0,9.965743719044497,0.0,0,26,0,0,26,26,0,True,True,0.0,2501,0.0019884015917593922,5.0,0,True,0.24401625795921633,30.0,True,1.0,0,7.180925202850759,84.10607109109583,
e4_stable_ft_r0.5,ngsim_i80,residual_idm,driver_fold4_seed0,"core with margin 0.2, certified budget, fine-tuned (D111)",4,0,0.5,0.055651102043655414,0.027825551021827707,0.0013912778018478032,0.013912778018478032,0.0027825556036956064,35.32887268066406,0.9886175394058228,3.2418761253356934,1.573002576828003,0.5000132322311401,26,0.002632442257154033,0.002632442257154033,5.0,9.913085498158571,0.0,0,26,0,0,26,26,0,True,True,0.0,2501,0.002632442257154033,5.0,0,True,0.2551117554335375,30.0,True,1.0,0,7.1309546889598066,81.69598060222016,
e4_stable_ft_r0.5,ngsim_i80,residual_idm,driver_fold4_seed1,"core with margin 0.2, certified budget, fine-tuned (D111)",4,1,0.5,0.05859010710041632,0.02929505355020816,0.0014647573890805888,0.014647573890805888,0.0029295147781611777,35.32887268066406,0.9886175394058228,3.2418761253356934,1.573002576828003,0.5000132322311401,26,0.001819880976251631,0.001819880976251631,5.0,9.913085498158571,0.0,0,26,0,0,26,26,0,True,True,0.0,2501,0.001819880976251631,5.0,0,True,0.2551117554335375,30.0,True,1.0,0,7.1309546889598066,81.69598060222016,
e4_stable_ft_r0.5,ngsim_i80,residual_idm,driver_fold4_seed2,"core with margin 0.2, certified budget, fine-tuned (D111)",4,2,0.5,0.056825511175896196,0.028412755587948098,0.0014206461708960796,0.014206461708960795,0.0028412923417921593,35.32887268066406,0.9886175394058228,3.2418761253356934,1.573002576828003,0.5000132322311401,26,0.002307620236891905,0.002307620236891905,5.0,9.913085498158571,0.0,0,26,0,0,26,26,0,True,True,0.0,2501,0.002307620236891905,5.0,0,True,0.2551117554335375,30.0,True,1.0,0,7.1309546889598066,81.69598060222016,
e4_stable_ft_r0.5,ngsim_i80,residual_idm,driver_fold4_seed3,"core with margin 0.2, certified budget, fine-tuned (D111)",4,3,0.5,0.05703207554033795,0.028516037770168975,0.0014258026584388576,0.014258026584388574,0.002851605316877715,35.32887268066406,0.9886175394058228,3.2418761253356934,1.573002576828003,0.5000132322311401,26,0.0022505959380483276,0.0022505959380483276,5.0,9.913085498158571,0.0,0,26,0,0,26,26,0,True,True,0.0,2501,0.0022505959380483276,5.0,0,True,0.2551117554335375,30.0,True,1.0,0,7.1309546889598066,81.69598060222016,
e4_stable_ft_r0.5,ngsim_i80,residual_idm,driver_fold4_seed4,"core with margin 0.2, certified budget, fine-tuned (D111)",4,4,0.5,0.05830913930128533,0.029154569650642666,0.0014577288210461086,0.014577288210461085,0.0029154576420922173,35.32887268066406,0.9886175394058228,3.2418761253356934,1.573002576828003,0.5000132322311401,26,0.0018975846273198704,0.0018975846273198704,5.0,9.913085498158571,0.0,0,26,0,0,26,26,0,True,True,0.0,2501,0.0018975846273198704,5.0,0,True,0.2551117554335375,30.0,True,1.0,0,7.1309546889598066,81.69598060222016,
m8_temporal_stable_ft,ngsim_i80_p0,residual_idm,driver_fold0_seed0,"core with margin 0.2, certified budget, fine-tuned on I-80 period 0 (D120)",0,0,0.3,0.3348684471967966,0.10046053415903898,0.0050230310939002355,0.050230310939002355,0.010046062187800471,35.213199615478516,0.9788587093353271,3.193310499191284,1.5670632123947144,0.5000092387199402,26,0.010687970255569335,0.010687970255569335,5.0,8.99649192322812,0.0,0,26,0,0,26,26,0,True,True,0.0,2501,0.010687970255569335,5.0,0,True,0.4415014304655234,30.0,True,1.0,0,7.410674308402643,61.34076888063236,
m8_temporal_stable_ft,ngsim_i80_p0,residual_idm,driver_fold1_seed0,"core with margin 0.2, certified budget, fine-tuned on I-80 period 0 (D120)",1,0,0.3,0.33868041542902283,0.10160412462870684,0.005080206844621987,0.05080206844621987,0.010160413689243974,35.14104461669922,0.9873303771018982,3.2530648708343506,1.5770609378814697,0.5000016689300537,26,0.010806165043761307,0.010806165043761307,5.0,9.103266149811756,0.0,0,26,0,0,26,26,0,True,True,0.0,2501,0.010806165043761307,5.0,0,True,0.43938734599336743,30.0,True,1.0,0,7.508077023466643,62.278693008392686,
m8_temporal_stable_ft,ngsim_i80_p0,residual_idm,driver_fold2_seed0,"core with margin 0.2, certified budget, fine-tuned on I-80 period 0 (D120)",2,0,0.3,0.33930593129280756,0.10179177938784227,0.0050896261277402904,0.050896261277402904,0.010179252255480581,35.151615142822266,0.9875276684761047,3.251380443572998,1.5769108533859253,0.5000206232070923,26,0.010825945282131988,0.010825945282131988,5.0,9.102589362199819,0.0,0,26,0,0,26,26,0,True,True,0.0,2501,0.010825945282131988,5.0,0,True,0.44032402561332057,30.0,True,1.0,0,7.507378472763676,62.21746928038457,
m8_temporal_stable_ft,ngsim_i80_p0,residual_idm,driver_fold3_seed0,"core with margin 0.2, certified budget, fine-tuned on I-80 period 0 (D120)",3,0,0.3,0.3422405252524729,0.10267215757574187,0.00513360860635805,0.0513360860635805,0.0102672172127161,35.17245101928711,0.9923809766769409,3.2756454944610596,1.5805469751358032,0.5000129342079163,26,0.010915332419720425,0.010915332419720425,5.0,9.154054903705406,0.0,0,26,0,0,26,26,0,True,True,0.0,2501,0.010915332419720425,5.0,0,True,0.44401625795921634,30.0,True,1.0,0,7.553256618655511,62.350119639508314,
m8_temporal_stable_ft,ngsim_i80_p0,residual_idm,driver_fold4_seed0,"core with margin 0.2, certified budget, fine-tuned on I-80 period 0 (D120)",4,0,0.3,0.338794970348388,0.1016384911045164,0.005082342995907182,0.05082342995907182,0.010164685991814365,35.32887268066406,0.9886175394058228,3.2418761253356934,1.573002576828003,0.5000132322311401,26,0.010791926644336702,0.010791926644336702,5.0,9.100694101931174,0.0,0,26,0,0,26,26,0,True,True,0.0,2501,0.010791926644336702,5.0,0,True,0.4551117554335375,30.0,True,1.0,0,7.50214530623304,61.16555192082298,
e4_margin_free_r0.3,follownet_highd,residual_idm,driver_fold0_seed0,"core with margin 0.2, no certificate (variant D)",0,0,0.3,1.0,0.3,0.015000135565977242,0.1500013556597724,0.030000271131954484,35.213199615478516,0.9788587093353271,3.193310499191284,1.5670632123947144,0.5000092387199402,26,-0.1093022520149668,-0.1093022520149668,5.0,8.99649192322812,0.0,0,26,0,0,10,10,0,False,False,0.0,2501,-0.1093022520149668,5.0,1489,False,0.4415014304655234,30.0,True,1.0,0,7.410674308402643,61.34076888063236,
e4_margin_free_r0.3,follownet_highd,residual_idm,driver_fold0_seed1,"core with margin 0.2, no certificate (variant D)",0,1,0.3,1.0,0.3,0.015000176065336424,0.15000176065336424,0.03000035213067285,35.213199615478516,0.9788587093353271,3.193310499191284,1.5670632123947144,0.5000092387199402,26,-0.10930272130385449,-0.10930272130385449,5.0,8.99649192322812,0.0,0,26,0,0,10,10,0,False,False,0.0,2501,-0.10930272130385449,5.0,1489,False,0.4415014304655234,30.0,True,1.0,0,7.410674308402643,61.34076888063236,
e4_margin_free_r0.3,follownet_highd,residual_idm,driver_fold0_seed2,"core with margin 0.2, no certificate (variant D)",0,2,0.3,1.0,0.3,0.015000066119428999,0.15000066119428998,0.030000132238857998,35.213199615478516,0.9788587093353271,3.193310499191284,1.5670632123947144,0.5000092387199402,26,-0.10930144729835806,-0.10930144729835806,5.0,8.99649192322812,0.0,0,26,0,0,10,10,0,False,False,0.0,2501,-0.10930144729835806,5.0,1489,False,0.4415014304655234,30.0,True,1.0,0,7.410674308402643,61.34076888063236,
e4_margin_free_r0.3,follownet_highd,residual_idm,driver_fold0_seed3,"core with margin 0.2, no certificate (variant D)",0,3,0.3,1.0,0.3,0.015000214537844806,0.15000214537844805,0.030000429075689613,35.213199615478516,0.9788587093353271,3.193310499191284,1.5670632123947144,0.5000092387199402,26,-0.10930316710634636,-0.10930316710634636,5.0,8.99649192322812,0.0,0,26,0,0,10,10,0,False,False,0.0,2501,-0.10930316710634636,5.0,1489,False,0.4415014304655234,30.0,True,1.0,0,7.410674308402643,61.34076888063236,
e4_margin_free_r0.3,follownet_highd,residual_idm,driver_fold0_seed4,"core with margin 0.2, no certificate (variant D)",0,4,0.3,1.0,0.3,0.015000033367550892,0.1500003336755089,0.030000066735101784,35.213199615478516,0.9788587093353271,3.193310499191284,1.5670632123947144,0.5000092387199402,26,-0.10930106778359205,-0.10930106778359205,5.0,8.99649192322812,0.0,0,26,0,0,10,10,0,False,False,0.0,2501,-0.10930106778359205,5.0,1489,False,0.4415014304655234,30.0,True,1.0,0,7.410674308402643,61.34076888063236,
e4_margin_free_r0.3,follownet_highd,residual_idm,driver_fold1_seed0,"core with margin 0.2, no certificate (variant D)",1,0,0.3,1.0,0.3,0.015000130788546112,0.15000130788546112,0.030000261577092225,35.14104461669922,0.9873303771018982,3.2530648708343506,1.5770609378814697,0.5000016689300537,26,-0.10848547148229593,-0.10848547148229593,5.0,9.103266149811756,0.0,0,26,0,0,10,10,0,False,False,0.0,2501,-0.10848547148229593,5.0,1471,False,0.43938734599336743,30.0,True,1.0,0,7.508077023466643,62.278693008392686,
e4_margin_free_r0.3,follownet_highd,residual_idm,driver_fold1_seed1,"core with margin 0.2, no certificate (variant D)",1,1,0.3,1.0,0.3,0.015000066948074462,0.15000066948074461,0.030000133896148924,35.14104461669922,0.9873303771018982,3.2530648708343506,1.5770609378814697,0.5000016689300537,26,-0.10848473163603145,-0.10848473163603145,5.0,9.103266149811756,0.0,0,26,0,0,10,10,0,False,False,0.0,2501,-0.10848473163603145,5.0,1471,False,0.43938734599336743,30.0,True,1.0,0,7.508077023466643,62.278693008392686,
e4_margin_free_r0.3,follownet_highd,residual_idm,driver_fold1_seed2,"core with margin 0.2, no certificate (variant D)",1,2,0.3,1.0,0.3,0.015000032110795085,0.15000032110795083,0.03000006422159017,35.14104461669922,0.9873303771018982,3.2530648708343506,1.5770609378814697,0.5000016689300537,26,-0.10848432790717416,-0.10848432790717416,5.0,9.103266149811756,0.0,0,26,0,0,10,10,0,False,False,0.0,2501,-0.10848432790717416,5.0,1471,False,0.43938734599336743,30.0,True,1.0,0,7.508077023466643,62.278693008392686,
e4_margin_free_r0.3,follownet_highd,residual_idm,driver_fold1_seed3,"core with margin 0.2, no certificate (variant D)",1,3,0.3,1.0,0.3,0.015000029871083675,0.15000029871083675,0.03000005974216735,35.14104461669922,0.9873303771018982,3.2530648708343506,1.5770609378814697,0.5000016689300537,26,-0.10848430195117897,-0.10848430195117897,5.0,9.103266149811756,0.0,0,26,0,0,10,10,0,False,False,0.0,2501,-0.10848430195117897,5.0,1471,False,0.43938734599336743,30.0,True,1.0,0,7.508077023466643,62.278693008392686,
e4_margin_free_r0.3,follownet_highd,residual_idm,driver_fold1_seed4,"core with margin 0.2, no certificate (variant D)",1,4,0.3,1.0,0.3,0.01500004965225045,0.1500004965225045,0.0300000993045009,35.14104461669922,0.9873303771018982,3.2530648708343506,1.5770609378814697,0.5000016689300537,26,-0.10848453119492568,-0.10848453119492568,5.0,9.103266149811756,0.0,0,26,0,0,10,10,0,False,False,0.0,2501,-0.10848453119492568,5.0,1471,False,0.43938734599336743,30.0,True,1.0,0,7.508077023466643,62.278693008392686,
e4_margin_free_r0.3,follownet_highd,residual_idm,driver_fold2_seed0,"core with margin 0.2, no certificate (variant D)",2,0,0.3,1.0,0.3,0.015000086091761997,0.15000086091761997,0.030000172183523993,35.151615142822266,0.9875276684761047,3.251380443572998,1.5769108533859253,0.5000206232070923,26,-0.10835983439243135,-0.10835983439243135,5.0,9.102589362199819,0.0,0,26,0,0,10,10,0,False,False,0.0,2501,-0.10835983439243135,5.0,1472,False,0.44032402561332057,30.0,True,1.0,0,7.507378472763676,62.21746928038457,
e4_margin_free_r0.3,follownet_highd,residual_idm,driver_fold2_seed1,"core with margin 0.2, no certificate (variant D)",2,1,0.3,1.0,0.3,0.015000108770645202,0.150001087706452,0.030000217541290404,35.151615142822266,0.9875276684761047,3.251380443572998,1.5769108533859253,0.5000206232070923,26,-0.10836009724522155,-0.10836009724522155,5.0,9.102589362199819,0.0,0,26,0,0,10,10,0,False,False,0.0,2501,-0.10836009724522155,5.0,1472,False,0.44032402561332057,30.0,True,1.0,0,7.507378472763676,62.21746928038457,
e4_margin_free_r0.3,follownet_highd,residual_idm,driver_fold2_seed2,"core with margin 0.2, no certificate (variant D)",2,2,0.3,1.0,0.3,0.01500002971471477,0.1500002971471477,0.03000005942942954,35.151615142822266,0.9875276684761047,3.251380443572998,1.5769108533859253,0.5000206232070923,26,-0.10835918097098701,-0.10835918097098701,5.0,9.102589362199819,0.0,0,26,0,0,10,10,0,False,False,0.0,2501,-0.10835918097098701,5.0,1472,False,0.44032402561332057,30.0,True,1.0,0,7.507378472763676,62.21746928038457,
e4_margin_free_r0.3,follownet_highd,residual_idm,driver_fold2_seed3,"core with margin 0.2, no certificate (variant D)",2,3,0.3,1.0,0.3,0.015000159581328207,0.15000159581328207,0.030000319162656414,35.151615142822266,0.9875276684761047,3.251380443572998,1.5769108533859253,0.5000206232070923,26,-0.10836068615103128,-0.10836068615103128,5.0,9.102589362199819,0.0,0,26,0,0,10,10,0,False,False,0.0,2501,-0.10836068615103128,5.0,1472,False,0.44032402561332057,30.0,True,1.0,0,7.507378472763676,62.21746928038457,
e4_margin_free_r0.3,follownet_highd,residual_idm,driver_fold2_seed4,"core with margin 0.2, no certificate (variant D)",2,4,0.3,1.0,0.3,0.015000386990948853,0.15000386990948852,0.030000773981897707,35.151615142822266,0.9875276684761047,3.251380443572998,1.5769108533859253,0.5000206232070923,26,-0.10836332187047826,-0.10836332187047826,5.0,9.102589362199819,0.0,0,26,0,0,10,10,0,False,False,0.0,2501,-0.10836332187047826,5.0,1472,False,0.44032402561332057,30.0,True,1.0,0,7.507378472763676,62.21746928038457,
e4_margin_free_r0.3,follownet_highd,residual_idm,driver_fold3_seed0,"core with margin 0.2, no certificate (variant D)",3,0,0.3,1.0,0.3,0.015000080124272145,0.15000080124272144,0.03000016024854429,35.17245101928711,0.9923809766769409,3.2756454944610596,1.5805469751358032,0.5000129342079163,26,-0.1077110439686873,-0.1077110439686873,5.0,9.154054903705406,0.0,0,26,0,0,10,10,0,False,False,0.0,2501,-0.1077110439686873,5.0,1467,False,0.44401625795921634,30.0,True,1.0,0,7.553256618655511,62.350119639508314,
e4_margin_free_r0.3,follownet_highd,residual_idm,driver_fold3_seed1,"core with margin 0.2, no certificate (variant D)",3,1,0.3,1.0,0.3,0.015000141119853393,0.1500014111985339,0.030000282239706785,35.17245101928711,0.9923809766769409,3.2756454944610596,1.5805469751358032,0.5000129342079163,26,-0.10771175084976758,-0.10771175084976758,5.0,9.154054903705406,0.0,0,26,0,0,10,10,0,False,False,0.0,2501,-0.10771175084976758,5.0,1468,False,0.44401625795921634,30.0,True,1.0,0,7.553256618655511,62.350119639508314,
e4_margin_free_r0.3,follownet_highd,residual_idm,driver_fold3_seed2,"core with margin 0.2, no certificate (variant D)",3,2,0.3,1.0,0.3,0.015000022950064619,0.15000022950064618,0.030000045900129238,35.17245101928711,0.9923809766769409,3.2756454944610596,1.5805469751358032,0.5000129342079163,26,-0.10771038137341604,-0.10771038137341604,5.0,9.154054903705406,0.0,0,26,0,0,10,10,0,False,False,0.0,2501,-0.10771038137341604,5.0,1467,False,0.44401625795921634,30.0,True,1.0,0,7.553256618655511,62.350119639508314,
e4_margin_free_r0.3,follownet_highd,residual_idm,driver_fold3_seed3,"core with margin 0.2, no certificate (variant D)",3,3,0.3,1.0,0.3,0.015000257982676441,0.1500025798267644,0.030000515965352883,35.17245101928711,0.9923809766769409,3.2756454944610596,1.5805469751358032,0.5000129342079163,26,-0.10771310517841098,-0.10771310517841098,5.0,9.154054903705406,0.0,0,26,0,0,10,10,0,False,False,0.0,2501,-0.10771310517841098,5.0,1468,False,0.44401625795921634,30.0,True,1.0,0,7.553256618655511,62.350119639508314,
e4_margin_free_r0.3,follownet_highd,residual_idm,driver_fold3_seed4,"core with margin 0.2, no certificate (variant D)",3,4,0.3,1.0,0.3,0.015000389543635022,0.1500038954363502,0.030000779087270044,35.17245101928711,0.9923809766769409,3.2756454944610596,1.5805469751358032,0.5000129342079163,26,-0.10771462984298674,-0.10771462984298674,5.0,9.154054903705406,0.0,0,26,0,0,10,10,0,False,False,0.0,2501,-0.10771462984298674,5.0,1468,False,0.44401625795921634,30.0,True,1.0,0,7.553256618655511,62.350119639508314,
e4_margin_free_r0.3,follownet_highd,residual_idm,driver_fold4_seed0,"core with margin 0.2, no certificate (variant D)",4,0,0.3,1.0,0.3,0.015000128507198344,0.15000128507198343,0.030000257014396688,35.32887268066406,0.9886175394058228,3.2418761253356934,1.573002576828003,0.5000132322311401,26,-0.10833001482723548,-0.10833001482723548,5.0,9.100694101931174,0.0,0,26,0,0,10,10,0,False,False,0.0,2501,-0.10833001482723548,5.0,1487,False,0.4551117554335375,30.0,True,1.0,0,7.50214530623304,61.16555192082298,
e4_margin_free_r0.3,follownet_highd,residual_idm,driver_fold4_seed1,"core with margin 0.2, no certificate (variant D)",4,1,0.3,1.0,0.3,0.01500004539104955,0.1500004539104955,0.0300000907820991,35.32887268066406,0.9886175394058228,3.2418761253356934,1.573002576828003,0.5000132322311401,26,-0.1083290527941696,-0.1083290527941696,5.0,9.100694101931174,0.0,0,26,0,0,10,10,0,False,False,0.0,2501,-0.1083290527941696,5.0,1487,False,0.4551117554335375,30.0,True,1.0,0,7.50214530623304,61.16555192082298,
e4_margin_free_r0.3,follownet_highd,residual_idm,driver_fold4_seed2,"core with margin 0.2, no certificate (variant D)",4,2,0.3,1.0,0.3,0.015000068009923548,0.15000068009923548,0.030000136019847096,35.32887268066406,0.9886175394058228,3.2418761253356934,1.573002576828003,0.5000132322311401,26,-0.10832931459780248,-0.10832931459780248,5.0,9.100694101931174,0.0,0,26,0,0,10,10,0,False,False,0.0,2501,-0.10832931459780248,5.0,1487,False,0.4551117554335375,30.0,True,1.0,0,7.50214530623304,61.16555192082298,
e4_margin_free_r0.3,follownet_highd,residual_idm,driver_fold4_seed3,"core with margin 0.2, no certificate (variant D)",4,3,0.3,1.0,0.3,0.015000045917409388,0.15000045917409388,0.030000091834818776,35.32887268066406,0.9886175394058228,3.2418761253356934,1.573002576828003,0.5000132322311401,26,-0.10832905888655642,-0.10832905888655642,5.0,9.100694101931174,0.0,0,26,0,0,10,10,0,False,False,0.0,2501,-0.10832905888655642,5.0,1487,False,0.4551117554335375,30.0,True,1.0,0,7.50214530623304,61.16555192082298,
e4_margin_free_r0.3,follownet_highd,residual_idm,driver_fold4_seed4,"core with margin 0.2, no certificate (variant D)",4,4,0.3,1.0,0.3,0.01500006359681157,0.1500006359681157,0.03000012719362314,35.32887268066406,0.9886175394058228,3.2418761253356934,1.573002576828003,0.5000132322311401,26,-0.10832926351795352,-0.10832926351795352,5.0,9.100694101931174,0.0,0,26,0,0,10,10,0,False,False,0.0,2501,-0.10832926351795352,5.0,1487,False,0.4551117554335375,30.0,True,1.0,0,7.50214530623304,61.16555192082298,
e4_margin_free_r0.3_ft,ngsim_i80,residual_idm,driver_fold0_seed0,"core with margin 0.2, no certificate, fine-tuned (variant D)",0,0,0.3,1.0,0.3,0.015000011336340938,0.15000011336340938,0.030000022672681877,35.213199615478516,0.9788587093353271,3.193310499191284,1.5670632123947144,0.5000092387199402,26,-0.10930081249529355,-0.10930081249529355,5.0,8.99649192322812,0.0,0,26,0,0,10,10,0,False,False,0.0,2501,-0.10930081249529355,5.0,1489,False,0.4415014304655234,30.0,True,1.0,0,7.410674308402643,61.34076888063236,
e4_margin_free_r0.3_ft,ngsim_i80,residual_idm,driver_fold0_seed1,"core with margin 0.2, no certificate, fine-tuned (variant D)",0,1,0.3,1.0,0.3,0.015000020784159272,0.1500002078415927,0.030000041568318543,35.213199615478516,0.9788587093353271,3.193310499191284,1.5670632123947144,0.5000092387199402,26,-0.10930092197260272,-0.10930092197260272,5.0,8.99649192322812,0.0,0,26,0,0,10,10,0,False,False,0.0,2501,-0.10930092197260272,5.0,1489,False,0.4415014304655234,30.0,True,1.0,0,7.410674308402643,61.34076888063236,
e4_margin_free_r0.3_ft,ngsim_i80,residual_idm,driver_fold0_seed2,"core with margin 0.2, no certificate, fine-tuned (variant D)",0,2,0.3,1.0,0.3,0.015000101728095825,0.15000101728095824,0.03000020345619165,35.213199615478516,0.9788587093353271,3.193310499191284,1.5670632123947144,0.5000092387199402,26,-0.10930185991626373,-0.10930185991626373,5.0,8.99649192322812,0.0,0,26,0,0,10,10,0,False,False,0.0,2501,-0.10930185991626373,5.0,1489,False,0.4415014304655234,30.0,True,1.0,0,7.410674308402643,61.34076888063236,
e4_margin_free_r0.3_ft,ngsim_i80,residual_idm,driver_fold0_seed3,"core with margin 0.2, no certificate, fine-tuned (variant D)",0,3,0.3,1.0,0.3,0.015000057199180808,0.15000057199180808,0.030000114398361616,35.213199615478516,0.9788587093353271,3.193310499191284,1.5670632123947144,0.5000092387199402,26,-0.10930134393434365,-0.10930134393434365,5.0,8.99649192322812,0.0,0,26,0,0,10,10,0,False,False,0.0,2501,-0.10930134393434365,5.0,1489,False,0.4415014304655234,30.0,True,1.0,0,7.410674308402643,61.34076888063236,
e4_margin_free_r0.3_ft,ngsim_i80,residual_idm,driver_fold0_seed4,"core with margin 0.2, no certificate, fine-tuned (variant D)",0,4,0.3,1.0,0.3,0.015000059474926065,0.15000059474926064,0.03000011894985213,35.213199615478516,0.9788587093353271,3.193310499191284,1.5670632123947144,0.5000092387199402,26,-0.10930137030470533,-0.10930137030470533,5.0,8.99649192322812,0.0,0,26,0,0,10,10,0,False,False,0.0,2501,-0.10930137030470533,5.0,1489,False,0.4415014304655234,30.0,True,1.0,0,7.410674308402643,61.34076888063236,
e4_margin_free_r0.3_ft,ngsim_i80,residual_idm,driver_fold1_seed0,"core with margin 0.2, no certificate, fine-tuned (variant D)",1,0,0.3,1.0,0.3,0.015000109068567866,0.15000109068567866,0.030000218137135732,35.14104461669922,0.9873303771018982,3.2530648708343506,1.5770609378814697,0.5000016689300537,26,-0.10848521976983533,-0.10848521976983533,5.0,9.103266149811756,0.0,0,26,0,0,10,10,0,False,False,0.0,2501,-0.10848521976983533,5.0,1471,False,0.43938734599336743,30.0,True,1.0,0,7.508077023466643,62.278693008392686,
e4_margin_free_r0.3_ft,ngsim_i80,residual_idm,driver_fold1_seed1,"core with margin 0.2, no certificate, fine-tuned (variant D)",1,1,0.3,1.0,0.3,0.015000177998014081,0.1500017799801408,0.030000355996028162,35.14104461669922,0.9873303771018982,3.2530648708343506,1.5770609378814697,0.5000016689300537,26,-0.10848601859187851,-0.10848601859187851,5.0,9.103266149811756,0.0,0,26,0,0,10,10,0,False,False,0.0,2501,-0.10848601859187851,5.0,1471,False,0.43938734599336743,30.0,True,1.0,0,7.508077023466643,62.278693008392686,
e4_margin_free_r0.3_ft,ngsim_i80,residual_idm,driver_fold1_seed2,"core with margin 0.2, no certificate, fine-tuned (variant D)",1,2,0.3,1.0,0.3,0.01500002834805195,0.1500002834805195,0.0300000566961039,35.14104461669922,0.9873303771018982,3.2530648708343506,1.5770609378814697,0.5000016689300537,26,-0.10848428430077794,-0.10848428430077794,5.0,9.103266149811756,0.0,0,26,0,0,10,10,0,False,False,0.0,2501,-0.10848428430077794,5.0,1471,False,0.43938734599336743,30.0,True,1.0,0,7.508077023466643,62.278693008392686,
e4_margin_free_r0.3_ft,ngsim_i80,residual_idm,driver_fold1_seed3,"core with margin 0.2, no certificate, fine-tuned (variant D)",1,3,0.3,1.0,0.3,0.015000061238630423,0.15000061238630422,0.030000122477260846,35.14104461669922,0.9873303771018982,3.2530648708343506,1.5770609378814697,0.5000016689300537,26,-0.10848466546935298,-0.10848466546935298,5.0,9.103266149811756,0.0,0,26,0,0,10,10,0,False,False,0.0,2501,-0.10848466546935298,5.0,1471,False,0.43938734599336743,30.0,True,1.0,0,7.508077023466643,62.278693008392686,
e4_margin_free_r0.3_ft,ngsim_i80,residual_idm,driver_fold1_seed4,"core with margin 0.2, no certificate, fine-tuned (variant D)",1,4,0.3,1.0,0.3,0.01500027323335659,0.1500027323335659,0.03000054646671318,35.14104461669922,0.9873303771018982,3.2530648708343506,1.5770609378814697,0.5000016689300537,26,-0.10848712227176621,-0.10848712227176621,5.0,9.103266149811756,0.0,0,26,0,0,10,10,0,False,False,0.0,2501,-0.10848712227176621,5.0,1471,False,0.43938734599336743,30.0,True,1.0,0,7.508077023466643,62.278693008392686,
e4_margin_free_r0.3_ft,ngsim_i80,residual_idm,driver_fold2_seed0,"core with margin 0.2, no certificate, fine-tuned (variant D)",2,0,0.3,1.0,0.3,0.015000129538021854,0.15000129538021853,0.030000259076043707,35.151615142822266,0.9875276684761047,3.251380443572998,1.5769108533859253,0.5000206232070923,26,-0.10836033794322902,-0.10836033794322902,5.0,9.102589362199819,0.0,0,26,0,0,10,10,0,False,False,0.0,2501,-0.10836033794322902,5.0,1472,False,0.44032402561332057,30.0,True,1.0,0,7.507378472763676,62.21746928038457,
e4_margin_free_r0.3_ft,ngsim_i80,residual_idm,driver_fold2_seed1,"core with margin 0.2, no certificate, fine-tuned (variant D)",2,1,0.3,1.0,0.3,0.015000097858931508,0.15000097858931508,0.030000195717863016,35.151615142822266,0.9875276684761047,3.251380443572998,1.5769108533859253,0.5000206232070923,26,-0.10835997077628401,-0.10835997077628401,5.0,9.102589362199819,0.0,0,26,0,0,10,10,0,False,False,0.0,2501,-0.10835997077628401,5.0,1472,False,0.44032402561332057,30.0,True,1.0,0,7.507378472763676,62.21746928038457,
e4_margin_free_r0.3_ft,ngsim_i80,residual_idm,driver_fold2_seed2,"core with margin 0.2, no certificate, fine-tuned (variant D)",2,2,0.3,1.0,0.3,0.015000202694931263,0.1500020269493126,0.030000405389862525,35.151615142822266,0.9875276684761047,3.251380443572998,1.5769108533859253,0.5000206232070923,26,-0.10836118584599214,-0.10836118584599214,5.0,9.102589362199819,0.0,0,26,0,0,10,10,0,False,False,0.0,2501,-0.10836118584599214,5.0,1472,False,0.44032402561332057,30.0,True,1.0,0,7.507378472763676,62.21746928038457,
e4_margin_free_r0.3_ft,ngsim_i80,residual_idm,driver_fold2_seed3,"core with margin 0.2, no certificate, fine-tuned (variant D)",2,3,0.3,1.0,0.3,0.015000060428735513,0.15000060428735512,0.030000120857471026,35.151615142822266,0.9875276684761047,3.251380443572998,1.5769108533859253,0.5000206232070923,26,-0.10835953695276929,-0.10835953695276929,5.0,9.102589362199819,0.0,0,26,0,0,10,10,0,False,False,0.0,2501,-0.10835953695276929,5.0,1472,False,0.44032402561332057,30.0,True,1.0,0,7.507378472763676,62.21746928038457,
e4_margin_free_r0.3_ft,ngsim_i80,residual_idm,driver_fold2_seed4,"core with margin 0.2, no certificate, fine-tuned (variant D)",2,4,0.3,1.0,0.3,0.015000114005947168,0.15000114005947168,0.030000228011894337,35.151615142822266,0.9875276684761047,3.251380443572998,1.5769108533859253,0.5000206232070923,26,-0.10836015792341153,-0.10836015792341153,5.0,9.102589362199819,0.0,0,26,0,0,10,10,0,False,False,0.0,2501,-0.10836015792341153,5.0,1472,False,0.44032402561332057,30.0,True,1.0,0,7.507378472763676,62.21746928038457,
e4_margin_free_r0.3_ft,ngsim_i80,residual_idm,driver_fold3_seed0,"core with margin 0.2, no certificate, fine-tuned (variant D)",3,0,0.3,1.0,0.3,0.015000080988560672,0.1500008098856067,0.030000161977121343,35.17245101928711,0.9923809766769409,3.2756454944610596,1.5805469751358032,0.5000129342079163,26,-0.10771105398497599,-0.10771105398497599,5.0,9.154054903705406,0.0,0,26,0,0,10,10,0,False,False,0.0,2501,-0.10771105398497599,5.0,1467,False,0.44401625795921634,30.0,True,1.0,0,7.553256618655511,62.350119639508314,
e4_margin_free_r0.3_ft,ngsim_i80,residual_idm,driver_fold3_seed1,"core with margin 0.2, no certificate, fine-tuned (variant D)",3,1,0.3,1.0,0.3,0.01500037154250441,0.1500037154250441,0.03000074308500882,35.17245101928711,0.9923809766769409,3.2756454944610596,1.5805469751358032,0.5000129342079163,26,-0.10771442122734093,-0.10771442122734093,5.0,9.154054903705406,0.0,0,26,0,0,10,10,0,False,False,0.0,2501,-0.10771442122734093,5.0,1468,False,0.44401625795921634,30.0,True,1.0,0,7.553256618655511,62.350119639508314,
e4_margin_free_r0.3_ft,ngsim_i80,residual_idm,driver_fold3_seed2,"core with margin 0.2, no certificate, fine-tuned (variant D)",3,2,0.3,1.0,0.3,0.01500034049344304,0.1500034049344304,0.03000068098688608,35.17245101928711,0.9923809766769409,3.2756454944610596,1.5805469751358032,0.5000129342079163,26,-0.107714061398765,-0.107714061398765,5.0,9.154054903705406,0.0,0,26,0,0,10,10,0,False,False,0.0,2501,-0.107714061398765,5.0,1468,False,0.44401625795921634,30.0,True,1.0,0,7.553256618655511,62.350119639508314,
e4_margin_free_r0.3_ft,ngsim_i80,residual_idm,driver_fold3_seed3,"core with margin 0.2, no certificate, fine-tuned (variant D)",3,3,0.3,1.0,0.3,0.015000091094758958,0.15000091094758958,0.030000182189517915,35.17245101928711,0.9923809766769409,3.2756454944610596,1.5805469751358032,0.5000129342079163,26,-0.10771117110627493,-0.10771117110627493,5.0,9.154054903705406,0.0,0,26,0,0,10,10,0,False,False,0.0,2501,-0.10771117110627493,5.0,1467,False,0.44401625795921634,30.0,True,1.0,0,7.553256618655511,62.350119639508314,
e4_margin_free_r0.3_ft,ngsim_i80,residual_idm,driver_fold3_seed4,"core with margin 0.2, no certificate, fine-tuned (variant D)",3,4,0.3,1.0,0.3,0.015000152925426622,0.1500015292542662,0.030000305850853243,35.17245101928711,0.9923809766769409,3.2756454944610596,1.5805469751358032,0.5000129342079163,26,-0.1077118876651545,-0.1077118876651545,5.0,9.154054903705406,0.0,0,26,0,0,10,10,0,False,False,0.0,2501,-0.1077118876651545,5.0,1468,False,0.44401625795921634,30.0,True,1.0,0,7.553256618655511,62.350119639508314,
e4_margin_free_r0.3_ft,ngsim_i80,residual_idm,driver_fold4_seed0,"core with margin 0.2, no certificate, fine-tuned (variant D)",4,0,0.3,1.0,0.3,0.01500019349333564,0.1500019349333564,0.03000038698667128,35.32887268066406,0.9886175394058228,3.2418761253356934,1.573002576828003,0.5000132322311401,26,-0.10833076701292527,-0.10833076701292527,5.0,9.100694101931174,0.0,0,26,0,0,10,10,0,False,False,0.0,2501,-0.10833076701292527,5.0,1487,False,0.4551117554335375,30.0,True,1.0,0,7.50214530623304,61.16555192082298,
e4_margin_free_r0.3_ft,ngsim_i80,residual_idm,driver_fold4_seed1,"core with margin 0.2, no certificate, fine-tuned (variant D)",4,1,0.3,1.0,0.3,0.015000134574907197,0.15000134574907195,0.030000269149814393,35.32887268066406,0.9886175394058228,3.2418761253356934,1.573002576828003,0.5000132322311401,26,-0.10833008505828762,-0.10833008505828762,5.0,9.100694101931174,0.0,0,26,0,0,10,10,0,False,False,0.0,2501,-0.10833008505828762,5.0,1487,False,0.4551117554335375,30.0,True,1.0,0,7.50214530623304,61.16555192082298,
e4_margin_free_r0.3_ft,ngsim_i80,residual_idm,driver_fold4_seed2,"core with margin 0.2, no certificate, fine-tuned (variant D)",4,2,0.3,1.0,0.3,0.015000008024776107,0.15000008024776107,0.030000016049552214,35.32887268066406,0.9886175394058228,3.2418761253356934,1.573002576828003,0.5000132322311401,26,-0.10832862029570123,-0.10832862029570123,5.0,9.100694101931174,0.0,0,26,0,0,10,10,0,False,False,0.0,2501,-0.10832862029570123,5.0,1487,False,0.4551117554335375,30.0,True,1.0,0,7.50214530623304,61.16555192082298,
e4_margin_free_r0.3_ft,ngsim_i80,residual_idm,driver_fold4_seed3,"core with margin 0.2, no certificate, fine-tuned (variant D)",4,3,0.3,1.0,0.3,0.015000039526376425,0.15000039526376424,0.03000007905275285,35.32887268066406,0.9886175394058228,3.2418761253356934,1.573002576828003,0.5000132322311401,26,-0.1083289849131206,-0.1083289849131206,5.0,9.100694101931174,0.0,0,26,0,0,10,10,0,False,False,0.0,2501,-0.1083289849131206,5.0,1487,False,0.4551117554335375,30.0,True,1.0,0,7.50214530623304,61.16555192082298,
e4_margin_free_r0.3_ft,ngsim_i80,residual_idm,driver_fold4_seed4,"core with margin 0.2, no certificate, fine-tuned (variant D)",4,4,0.3,1.0,0.3,0.015000027260089388,0.15000027260089388,0.030000054520178777,35.32887268066406,0.9886175394058228,3.2418761253356934,1.573002576828003,0.5000132322311401,26,-0.1083288429361558,-0.1083288429361558,5.0,9.100694101931174,0.0,0,26,0,0,10,10,0,False,False,0.0,2501,-0.1083288429361558,5.0,1487,False,0.4551117554335375,30.0,True,1.0,0,7.50214530623304,61.16555192082298,
e4_free_r0.3,follownet_highd,residual_idm,driver_fold0_seed0,"free core, no certificate (D111)",0,0,0.3,1.0,0.3,0.015027119053654066,0.15027119053654064,0.03005423810730813,29.566280364990234,0.6760093569755554,2.0153238773345947,0.351346880197525,0.5000303983688354,26,-0.3255717539424594,-0.3255717539424594,5.0,3.963501169143086,5.551115123125783e-17,0,4,11,11,0,0,0,False,False,0.0,2501,-0.3255717539424594,5.0,2501,False,-0.3210742872129474,30.0,False,0.5384615384615384,12,3.963501169143086,inf,upper end infinite at 19-30 m/s
e4_free_r0.3,follownet_highd,residual_idm,driver_fold0_seed1,"free core, no certificate (D111)",0,1,0.3,1.0,0.3,0.015027875789529169,0.1502787578952917,0.030055751579058338,29.566280364990234,0.6760093569755554,2.0153238773345947,0.351346880197525,0.5000303983688354,26,-0.3255795911077542,-0.3255795911077542,5.0,3.963501169143086,1.1102230246251565e-16,0,4,11,11,0,0,0,False,False,0.0,2501,-0.3255795911077542,5.0,2501,False,-0.3210742872129474,30.0,False,0.5384615384615384,12,3.963501169143086,inf,upper end infinite at 19-30 m/s
e4_free_r0.3,follownet_highd,residual_idm,driver_fold0_seed2,"free core, no certificate (D111)",0,2,0.3,1.0,0.3,0.015001126122226717,0.15001126122226716,0.030002252244453433,29.566280364990234,0.6760093569755554,2.0153238773345947,0.351346880197525,0.5000303983688354,26,-0.3253025265173601,-0.3253025265173601,5.0,3.963501169143086,8.326672684688674e-17,0,4,11,11,0,0,0,False,False,0.0,2501,-0.3253025265173601,5.0,2501,False,-0.3210742872129474,30.0,False,0.5384615384615384,12,3.963501169143086,inf,upper end infinite at 19-30 m/s
e4_free_r0.3,follownet_highd,residual_idm,driver_fold0_seed3,"free core, no certificate (D111)",0,3,0.3,1.0,0.3,0.015004379477394717,0.15004379477394716,0.030008758954789435,29.566280364990234,0.6760093569755554,2.0153238773345947,0.351346880197525,0.5000303983688354,26,-0.32533622710427845,-0.32533622710427845,5.0,3.963501169143086,5.551115123125783e-17,0,4,11,11,0,0,0,False,False,0.0,2501,-0.32533622710427845,5.0,2501,False,-0.3210742872129474,30.0,False,0.5384615384615384,12,3.963501169143086,inf,upper end infinite at 19-30 m/s
e4_free_r0.3,follownet_highd,residual_idm,driver_fold0_seed4,"free core, no certificate (D111)",0,4,0.3,1.0,0.3,0.015002490482140347,0.15002490482140346,0.030004980964280694,29.566280364990234,0.6760093569755554,2.0153238773345947,0.351346880197525,0.5000303983688354,26,-0.32531665964959217,-0.32531665964959217,5.0,3.963501169143086,1.1102230246251565e-16,0,4,11,11,0,0,0,False,False,0.0,2501,-0.32531665964959217,5.0,2501,False,-0.3210742872129474,30.0,False,0.5384615384615384,12,3.963501169143086,inf,upper end infinite at 19-30 m/s
e4_free_r0.3,follownet_highd,residual_idm,driver_fold1_seed0,"free core, no certificate (D111)",1,0,0.3,1.0,0.3,0.015000380634937957,0.15000380634937957,0.030000761269875914,29.134536743164062,0.6727359294891357,1.98870050907135,0.3651844263076782,0.5001065731048584,26,-0.32344215309895963,-0.32344215309895963,5.0,3.966755902236429,1.3877787807814457e-16,0,5,6,15,0,0,0,False,False,0.0,2501,-0.32344215309895963,5.0,2501,False,-0.3453643853843336,30.0,False,0.5384615384615384,12,3.966755902236429,inf,upper end infinite at 19-30 m/s
e4_free_r0.3,follownet_highd,residual_idm,driver_fold1_seed1,"free core, no certificate (D111)",1,1,0.3,1.0,0.3,0.015001482693414165,0.15001482693414164,0.03000296538682833,29.134536743164062,0.6727359294891357,1.98870050907135,0.3651844263076782,0.5001065731048584,26,-0.32345373640219804,-0.32345373640219804,5.0,3.966755902236429,8.326672684688674e-17,0,5,6,15,0,0,0,False,False,0.0,2501,-0.32345373640219804,5.0,2501,False,-0.3453643853843336,30.0,False,0.5384615384615384,12,3.966755902236429,inf,upper end infinite at 19-30 m/s
e4_free_r0.3,follownet_highd,residual_idm,driver_fold1_seed2,"free core, no certificate (D111)",1,2,0.3,1.0,0.3,0.015002096715340066,0.15002096715340066,0.030004193430680132,29.134536743164062,0.6727359294891357,1.98870050907135,0.3651844263076782,0.5001065731048584,26,-0.32346019009882243,-0.32346019009882243,5.0,3.966755902236429,8.326672684688674e-17,0,5,6,15,0,0,0,False,False,0.0,2501,-0.32346019009882243,5.0,2501,False,-0.3453643853843336,30.0,False,0.5384615384615384,12,3.966755902236429,inf,upper end infinite at 19-30 m/s
e4_free_r0.3,follownet_highd,residual_idm,driver_fold1_seed3,"free core, no certificate (D111)",1,3,0.3,1.0,0.3,0.01500573995040065,0.15005739950400648,0.0300114799008013,29.134536743164062,0.6727359294891357,1.98870050907135,0.3651844263076782,0.5001065731048584,26,-0.32349848175223417,-0.32349848175223417,5.0,3.966755902236429,1.1102230246251565e-16,0,5,6,15,0,0,0,False,False,0.0,2501,-0.32349848175223417,5.0,2501,False,-0.3453643853843336,30.0,False,0.5384615384615384,12,3.966755902236429,inf,upper end infinite at 19-30 m/s
e4_free_r0.3,follownet_highd,residual_idm,driver_fold1_seed4,"free core, no certificate (D111)",1,4,0.3,1.0,0.3,0.01500330185207181,0.1500330185207181,0.03000660370414362,29.134536743164062,0.6727359294891357,1.98870050907135,0.3651844263076782,0.5001065731048584,26,-0.3234728566296077,-0.3234728566296077,5.0,3.966755902236429,8.326672684688674e-17,0,5,6,15,0,0,0,False,False,0.0,2501,-0.3234728566296077,5.0,2501,False,-0.3453643853843336,30.0,False,0.5384615384615384,12,3.966755902236429,inf,upper end infinite at 19-30 m/s
e4_free_r0.3,follownet_highd,residual_idm,driver_fold2_seed0,"free core, no certificate (D111)",2,0,0.3,1.0,0.3,0.015003864683025257,0.15003864683025256,0.030007729366050513,28.921321868896484,0.6748539805412292,1.8934435844421387,0.3614453375339508,0.5000890493392944,26,-0.3191327174759844,-0.3191327174759844,5.0,3.8949555538592118,1.942890293094024e-16,0,5,5,16,0,0,0,False,False,0.0,2501,-0.3191327174759844,5.0,2501,False,-0.357015760787618,30.0,False,0.5384615384615384,12,3.8949555538592118,inf,upper end infinite at 19-30 m/s
e4_free_r0.3,follownet_highd,residual_idm,driver_fold2_seed1,"free core, no certificate (D111)",2,1,0.3,1.0,0.3,0.015102058358409871,0.1510205835840987,0.030204116716819742,28.921321868896484,0.6748539805412292,1.8934435844421387,0.3614453375339508,0.5000890493392944,26,-0.32017857711632325,-0.32017857711632325,5.0,3.8949555538592118,8.326672684688674e-17,0,5,5,16,0,0,0,False,False,0.0,2501,-0.32017857711632325,5.0,2501,False,-0.357015760787618,30.0,False,0.5384615384615384,12,3.8949555538592118,inf,upper end infinite at 19-30 m/s
e4_free_r0.3,follownet_highd,residual_idm,driver_fold2_seed2,"free core, no certificate (D111)",2,2,0.3,1.0,0.3,0.015082688818589133,0.15082688818589132,0.030165377637178265,28.921321868896484,0.6748539805412292,1.8934435844421387,0.3614453375339508,0.5000890493392944,26,-0.3199723395622881,-0.3199723395622881,5.0,3.8949555538592118,1.3877787807814457e-16,0,5,5,16,0,0,0,False,False,0.0,2501,-0.3199723395622881,5.0,2501,False,-0.357015760787618,30.0,False,0.5384615384615384,12,3.8949555538592118,inf,upper end infinite at 19-30 m/s
e4_free_r0.3,follownet_highd,residual_idm,driver_fold2_seed3,"free core, no certificate (D111)",2,3,0.3,1.0,0.3,0.015004650411533774,0.15004650411533774,0.030009300823067547,28.921321868896484,0.6748539805412292,1.8934435844421387,0.3614453375339508,0.5000890493392944,26,-0.31914108962834975,-0.31914108962834975,5.0,3.8949555538592118,1.1102230246251565e-16,0,5,5,16,0,0,0,False,False,0.0,2501,-0.31914108962834975,5.0,2501,False,-0.357015760787618,30.0,False,0.5384615384615384,12,3.8949555538592118,inf,upper end infinite at 19-30 m/s
e4_free_r0.3,follownet_highd,residual_idm,driver_fold2_seed4,"free core, no certificate (D111)",2,4,0.3,1.0,0.3,0.015003222837866717,0.15003222837866717,0.030006445675733434,28.921321868896484,0.6748539805412292,1.8934435844421387,0.3614453375339508,0.5000890493392944,26,-0.3191258783997872,-0.3191258783997872,5.0,3.8949555538592118,1.1102230246251565e-16,0,5,5,16,0,0,0,False,False,0.0,2501,-0.3191258783997872,5.0,2501,False,-0.357015760787618,30.0,False,0.5384615384615384,12,3.8949555538592118,inf,upper end infinite at 19-30 m/s
e4_free_r0.3,follownet_highd,residual_idm,driver_fold3_seed0,"free core, no certificate (D111)",3,0,0.3,1.0,0.3,0.015041001265919385,0.15041001265919385,0.03008200253183877,29.18400001525879,0.6794928312301636,1.9383970499038696,0.3495345413684845,0.500145435333252,26,-0.32143787868370916,-0.32143787868370916,5.0,3.91515672668413,1.3877787807814457e-16,0,4,8,14,0,0,0,False,False,0.0,2501,-0.32143787868370916,5.0,2501,False,-0.3407630319115416,30.0,False,0.5,13,3.91515672668413,inf,upper end infinite at 18-30 m/s
e4_free_r0.3,follownet_highd,residual_idm,driver_fold3_seed1,"free core, no certificate (D111)",3,1,0.3,1.0,0.3,0.015016604222768843,0.15016604222768842,0.030033208445537685,29.18400001525879,0.6794928312301636,1.9383970499038696,0.3495345413684845,0.500145435333252,26,-0.32118239657616887,-0.32118239657616887,5.0,3.91515672668413,1.3877787807814457e-16,0,4,8,14,0,0,0,False,False,0.0,2501,-0.32118239657616887,5.0,2501,False,-0.3407630319115416,30.0,False,0.5,13,3.91515672668413,inf,upper end infinite at 18-30 m/s
e4_free_r0.3,follownet_highd,residual_idm,driver_fold3_seed2,"free core, no certificate (D111)",3,2,0.3,1.0,0.3,0.015083204550791249,0.1508320455079125,0.030166409101582498,29.18400001525879,0.6794928312301636,1.9383970499038696,0.3495345413684845,0.500145435333252,26,-0.32187970136030775,-0.32187970136030775,5.0,3.91515672668413,1.3877787807814457e-16,0,4,8,14,0,0,0,False,False,0.0,2501,-0.32187970136030775,5.0,2501,False,-0.3407630319115416,30.0,False,0.5,13,3.91515672668413,inf,upper end infinite at 18-30 m/s
e4_free_r0.3,follownet_highd,residual_idm,driver_fold3_seed3,"free core, no certificate (D111)",3,3,0.3,1.0,0.3,0.015009042792646596,0.15009042792646596,0.030018085585293192,29.18400001525879,0.6794928312301636,1.9383970499038696,0.3495345413684845,0.500145435333252,26,-0.32110320380278135,-0.32110320380278135,5.0,3.91515672668413,1.3877787807814457e-16,0,4,8,14,0,0,0,False,False,0.0,2501,-0.32110320380278135,5.0,2501,False,-0.3407630319115416,30.0,False,0.5,13,3.91515672668413,inf,upper end infinite at 18-30 m/s
e4_free_r0.3,follownet_highd,residual_idm,driver_fold3_seed4,"free core, no certificate (D111)",3,4,0.3,1.0,0.3,0.015008947993806768,0.15008947993806768,0.030017895987613535,29.18400001525879,0.6794928312301636,1.9383970499038696,0.3495345413684845,0.500145435333252,26,-0.32110221091857893,-0.32110221091857893,5.0,3.91515672668413,1.942890293094024e-16,0,4,8,14,0,0,0,False,False,0.0,2501,-0.32110221091857893,5.0,2501,False,-0.3407630319115416,30.0,False,0.5,13,3.91515672668413,inf,upper end infinite at 18-30 m/s
e4_free_r0.3,follownet_highd,residual_idm,driver_fold4_seed0,"free core, no certificate (D111)",4,0,0.3,1.0,0.3,0.015003504786561539,0.1500350478656154,0.030007009573123078,29.6630916595459,0.6594720482826233,1.9918951988220215,0.33018583059310913,0.5001763105392456,26,-0.3369666548787676,-0.3369666548787676,5.0,3.829405049142977,4.163336342344337e-17,0,3,18,5,0,0,0,False,False,0.0,2501,-0.3369666548787676,5.0,2501,False,-0.31525828261287253,30.0,False,0.46153846153846156,14,3.829405049142977,inf,upper end infinite at 17-30 m/s
e4_free_r0.3,follownet_highd,residual_idm,driver_fold4_seed1,"free core, no certificate (D111)",4,1,0.3,1.0,0.3,0.015001225208672853,0.15001225208672853,0.030002450417345707,29.6630916595459,0.6594720482826233,1.9918951988220215,0.33018583059310913,0.5001763105392456,26,-0.3369431389818831,-0.3369431389818831,5.0,3.829405049142977,4.163336342344337e-17,0,3,18,5,0,0,0,False,False,0.0,2501,-0.3369431389818831,5.0,2501,False,-0.31525828261287253,30.0,False,0.46153846153846156,14,3.829405049142977,inf,upper end infinite at 17-30 m/s
e4_free_r0.3,follownet_highd,residual_idm,driver_fold4_seed2,"free core, no certificate (D111)",4,2,0.3,1.0,0.3,0.015000646343556912,0.15000646343556912,0.030001292687113823,29.6630916595459,0.6594720482826233,1.9918951988220215,0.33018583059310913,0.5001763105392456,26,-0.3369371673945957,-0.3369371673945957,5.0,3.829405049142977,5.551115123125783e-17,0,3,18,5,0,0,0,False,False,0.0,2501,-0.3369371673945957,5.0,2501,False,-0.31525828261287253,30.0,False,0.46153846153846156,14,3.829405049142977,inf,upper end infinite at 17-30 m/s
e4_free_r0.3,follownet_highd,residual_idm,driver_fold4_seed3,"free core, no certificate (D111)",4,3,0.3,1.0,0.3,0.015013894409878851,0.1501389440987885,0.030027788819757702,29.6630916595459,0.6594720482826233,1.9918951988220215,0.33018583059310913,0.5001763105392456,26,-0.33707382739930836,-0.33707382739930836,5.0,3.829405049142977,5.551115123125783e-17,0,3,18,5,0,0,0,False,False,0.0,2501,-0.33707382739930836,5.0,2501,False,-0.31525828261287253,30.0,False,0.46153846153846156,14,3.829405049142977,inf,upper end infinite at 17-30 m/s
e4_free_r0.3,follownet_highd,residual_idm,driver_fold4_seed4,"free core, no certificate (D111)",4,4,0.3,1.0,0.3,0.015001098101345773,0.15001098101345772,0.030002196202691546,29.6630916595459,0.6594720482826233,1.9918951988220215,0.33018583059310913,0.5001763105392456,26,-0.33694182774198433,-0.33694182774198433,5.0,3.829405049142977,4.163336342344337e-17,0,3,18,5,0,0,0,False,False,0.0,2501,-0.33694182774198433,5.0,2501,False,-0.31525828261287253,30.0,False,0.46153846153846156,14,3.829405049142977,inf,upper end infinite at 17-30 m/s
e4_free_r0.3_ft,ngsim_i80,residual_idm,driver_fold0_seed0,"free core, no certificate, fine-tuned (D111)",0,0,0.3,1.0,0.3,0.01500001735284677,0.1500001735284677,0.03000003470569354,29.566280364990234,0.6760093569755554,2.0153238773345947,0.351346880197525,0.5000303983688354,26,-0.32529104087583677,-0.32529104087583677,5.0,3.963501169143086,5.551115123125783e-17,0,4,11,11,0,0,0,False,False,0.0,2501,-0.32529104087583677,5.0,2501,False,-0.3210742872129474,30.0,False,0.5384615384615384,12,3.963501169143086,inf,upper end infinite at 19-30 m/s
e4_free_r0.3_ft,ngsim_i80,residual_idm,driver_fold0_seed1,"free core, no certificate, fine-tuned (D111)",0,1,0.3,1.0,0.3,0.015000016218408262,0.1500001621840826,0.030000032436816523,29.566280364990234,0.6760093569755554,2.0153238773345947,0.351346880197525,0.5000303983688354,26,-0.3252910291242356,-0.3252910291242356,5.0,3.963501169143086,8.326672684688674e-17,0,4,11,11,0,0,0,False,False,0.0,2501,-0.3252910291242356,5.0,2501,False,-0.3210742872129474,30.0,False,0.5384615384615384,12,3.963501169143086,inf,upper end infinite at 19-30 m/s
e4_free_r0.3_ft,ngsim_i80,residual_idm,driver_fold0_seed2,"free core, no certificate, fine-tuned (D111)",0,2,0.3,1.0,0.3,0.015000010681931013,0.15000010681931011,0.030000021363862026,29.566280364990234,0.6760093569755554,2.0153238773345947,0.351346880197525,0.5000303983688354,26,-0.3252909717720976,-0.3252909717720976,5.0,3.963501169143086,9.71445146547012e-17,0,4,11,11,0,0,0,False,False,0.0,2501,-0.3252909717720976,5.0,2501,False,-0.3210742872129474,30.0,False,0.5384615384615384,12,3.963501169143086,inf,upper end infinite at 19-30 m/s
e4_free_r0.3_ft,ngsim_i80,residual_idm,driver_fold0_seed3,"free core, no certificate, fine-tuned (D111)",0,3,0.3,1.0,0.3,0.015000016403091152,0.15000016403091151,0.030000032806182304,29.566280364990234,0.6760093569755554,2.0153238773345947,0.351346880197525,0.5000303983688354,26,-0.325291031037358,-0.325291031037358,5.0,3.963501169143086,1.1102230246251565e-16,0,4,11,11,0,0,0,False,False,0.0,2501,-0.325291031037358,5.0,2501,False,-0.3210742872129474,30.0,False,0.5384615384615384,12,3.963501169143086,inf,upper end infinite at 19-30 m/s
e4_free_r0.3_ft,ngsim_i80,residual_idm,driver_fold0_seed4,"free core, no certificate, fine-tuned (D111)",0,4,0.3,1.0,0.3,0.01500008192793833,0.1500008192793833,0.03000016385587666,29.566280364990234,0.6760093569755554,2.0153238773345947,0.351346880197525,0.5000303983688354,26,-0.32529170980632494,-0.32529170980632494,5.0,3.963501169143086,1.1102230246251565e-16,0,4,11,11,0,0,0,False,False,0.0,2501,-0.32529170980632494,5.0,2501,False,-0.3210742872129474,30.0,False,0.5384615384615384,12,3.963501169143086,inf,upper end infinite at 19-30 m/s
e4_free_r0.3_ft,ngsim_i80,residual_idm,driver_fold1_seed0,"free core, no certificate, fine-tuned (D111)",1,0,0.3,1.0,0.3,0.015000038859839441,0.1500003885983944,0.030000077719678882,29.134536743164062,0.6727359294891357,1.98870050907135,0.3651844263076782,0.5001065731048584,26,-0.323438560813596,-0.323438560813596,5.0,3.966755902236429,1.1102230246251565e-16,0,5,6,15,0,0,0,False,False,0.0,2501,-0.323438560813596,5.0,2501,False,-0.3453643853843336,30.0,False,0.5384615384615384,12,3.966755902236429,inf,upper end infinite at 19-30 m/s
e4_free_r0.3_ft,ngsim_i80,residual_idm,driver_fold1_seed1,"free core, no certificate, fine-tuned (D111)",1,1,0.3,1.0,0.3,0.015000069489989207,0.15000069489989207,0.030000138979978414,29.134536743164062,0.6727359294891357,1.98870050907135,0.3651844263076782,0.5001065731048584,26,-0.32343888275741955,-0.32343888275741955,5.0,3.966755902236429,1.942890293094024e-16,0,5,6,15,0,0,0,False,False,0.0,2501,-0.32343888275741955,5.0,2501,False,-0.3453643853843336,30.0,False,0.5384615384615384,12,3.966755902236429,inf,upper end infinite at 19-30 m/s
e4_free_r0.3_ft,ngsim_i80,residual_idm,driver_fold1_seed2,"free core, no certificate, fine-tuned (D111)",1,2,0.3,1.0,0.3,0.015000075671686767,0.15000075671686766,0.030000151343373534,29.134536743164062,0.6727359294891357,1.98870050907135,0.3651844263076782,0.5001065731048584,26,-0.3234389477312789,-0.3234389477312789,5.0,3.966755902236429,1.3877787807814457e-16,0,5,6,15,0,0,0,False,False,0.0,2501,-0.3234389477312789,5.0,2501,False,-0.3453643853843336,30.0,False,0.5384615384615384,12,3.966755902236429,inf,upper end infinite at 19-30 m/s
e4_free_r0.3_ft,ngsim_i80,residual_idm,driver_fold1_seed3,"free core, no certificate, fine-tuned (D111)",1,3,0.3,1.0,0.3,0.015000056479347646,0.15000056479347645,0.030000112958695292,29.134536743164062,0.6727359294891357,1.98870050907135,0.3651844263076782,0.5001065731048584,26,-0.3234387460066882,-0.3234387460066882,5.0,3.966755902236429,1.1102230246251565e-16,0,5,6,15,0,0,0,False,False,0.0,2501,-0.3234387460066882,5.0,2501,False,-0.3453643853843336,30.0,False,0.5384615384615384,12,3.966755902236429,inf,upper end infinite at 19-30 m/s
e4_free_r0.3_ft,ngsim_i80,residual_idm,driver_fold1_seed4,"free core, no certificate, fine-tuned (D111)",1,4,0.3,1.0,0.3,0.015000013490191859,0.15000013490191857,0.030000026980383718,29.134536743164062,0.6727359294891357,1.98870050907135,0.3651844263076782,0.5001065731048584,26,-0.3234382941611859,-0.3234382941611859,5.0,3.966755902236429,8.326672684688674e-17,0,5,6,15,0,0,0,False,False,0.0,2501,-0.3234382941611859,5.0,2501,False,-0.3453643853843336,30.0,False,0.5384615384615384,12,3.966755902236429,inf,upper end infinite at 19-30 m/s
e4_free_r0.3_ft,ngsim_i80,residual_idm,driver_fold2_seed0,"free core, no certificate, fine-tuned (D111)",2,0,0.3,1.0,0.3,0.015000016529394809,0.15000016529394808,0.030000033058789618,28.921321868896484,0.6748539805412292,1.8934435844421387,0.3614453375339508,0.5000890493392944,26,-0.31909171356094823,-0.31909171356094823,5.0,3.8949555538592118,1.1102230246251565e-16,0,5,5,16,0,0,0,False,False,0.0,2501,-0.31909171356094823,5.0,2501,False,-0.357015760787618,30.0,False,0.5384615384615384,12,3.8949555538592118,inf,upper end infinite at 19-30 m/s
e4_free_r0.3_ft,ngsim_i80,residual_idm,driver_fold2_seed1,"free core, no certificate, fine-tuned (D111)",2,1,0.3,1.0,0.3,0.01500007699720778,0.15000076997207779,0.03000015399441556,28.921321868896484,0.6748539805412292,1.8934435844421387,0.3614453375339508,0.5000890493392944,26,-0.31909235788445584,-0.31909235788445584,5.0,3.8949555538592118,1.1102230246251565e-16,0,5,5,16,0,0,0,False,False,0.0,2501,-0.31909235788445584,5.0,2501,False,-0.357015760787618,30.0,False,0.5384615384615384,12,3.8949555538592118,inf,upper end infinite at 19-30 m/s
e4_free_r0.3_ft,ngsim_i80,residual_idm,driver_fold2_seed2,"free core, no certificate, fine-tuned (D111)",2,2,0.3,1.0,0.3,0.015000047468089374,0.15000047468089373,0.030000094936178747,28.921321868896484,0.6748539805412292,1.8934435844421387,0.3614453375339508,0.5000890493392944,26,-0.31909204323271334,-0.31909204323271334,5.0,3.8949555538592118,1.3877787807814457e-16,0,5,5,16,0,0,0,False,False,0.0,2501,-0.31909204323271334,5.0,2501,False,-0.357015760787618,30.0,False,0.5384615384615384,12,3.8949555538592118,inf,upper end infinite at 19-30 m/s
e4_free_r0.3_ft,ngsim_i80,residual_idm,driver_fold2_seed3,"free core, no certificate, fine-tuned (D111)",2,3,0.3,1.0,0.3,0.015000011377530457,0.15000011377530456,0.030000022755060914,28.921321868896484,0.6748539805412292,1.8934435844421387,0.3614453375339508,0.5000890493392944,26,-0.31909165866449923,-0.31909165866449923,5.0,3.8949555538592118,1.1102230246251565e-16,0,5,5,16,0,0,0,False,False,0.0,2501,-0.31909165866449923,5.0,2501,False,-0.357015760787618,30.0,False,0.5384615384615384,12,3.8949555538592118,inf,upper end infinite at 19-30 m/s
e4_free_r0.3_ft,ngsim_i80,residual_idm,driver_fold2_seed4,"free core, no certificate, fine-tuned (D111)",2,4,0.3,1.0,0.3,0.015000063918222704,0.15000063918222703,0.030000127836445407,28.921321868896484,0.6748539805412292,1.8934435844421387,0.3614453375339508,0.5000890493392944,26,-0.3190922185194701,-0.3190922185194701,5.0,3.8949555538592118,8.326672684688674e-17,0,5,5,16,0,0,0,False,False,0.0,2501,-0.3190922185194701,5.0,2501,False,-0.357015760787618,30.0,False,0.5384615384615384,12,3.8949555538592118,inf,upper end infinite at 19-30 m/s
e4_free_r0.3_ft,ngsim_i80,residual_idm,driver_fold3_seed0,"free core, no certificate, fine-tuned (D111)",3,0,0.3,1.0,0.3,0.015000091785095121,0.1500009178509512,0.030000183570190242,29.18400001525879,0.6794928312301636,1.9383970499038696,0.3495345413684845,0.500145435333252,26,-0.3210094511295929,-0.3210094511295929,5.0,3.91515672668413,1.1102230246251565e-16,0,4,8,14,0,0,0,False,False,0.0,2501,-0.3210094511295929,5.0,2501,False,-0.3407630319115416,30.0,False,0.5,13,3.91515672668413,inf,upper end infinite at 18-30 m/s
e4_free_r0.3_ft,ngsim_i80,residual_idm,driver_fold3_seed1,"free core, no certificate, fine-tuned (D111)",3,1,0.3,1.0,0.3,0.015000099903118841,0.1500009990311884,0.030000199806237682,29.18400001525879,0.6794928312301636,1.9383970499038696,0.3495345413684845,0.500145435333252,26,-0.3210095361608046,-0.3210095361608046,5.0,3.91515672668413,1.1102230246251565e-16,0,4,8,14,0,0,0,False,False,0.0,2501,-0.3210095361608046,5.0,2501,False,-0.3407630319115416,30.0,False,0.5,13,3.91515672668413,inf,upper end infinite at 18-30 m/s
e4_free_r0.3_ft,ngsim_i80,residual_idm,driver_fold3_seed2,"free core, no certificate, fine-tuned (D111)",3,2,0.3,1.0,0.3,0.015000113874706011,0.15000113874706011,0.030000227749412023,29.18400001525879,0.6794928312301636,1.9383970499038696,0.3495345413684845,0.500145435333252,26,-0.3210096825044118,-0.3210096825044118,5.0,3.91515672668413,8.326672684688674e-17,0,4,8,14,0,0,0,False,False,0.0,2501,-0.3210096825044118,5.0,2501,False,-0.3407630319115416,30.0,False,0.5,13,3.91515672668413,inf,upper end infinite at 18-30 m/s
e4_free_r0.3_ft,ngsim_i80,residual_idm,driver_fold3_seed3,"free core, no certificate, fine-tuned (D111)",3,3,0.3,1.0,0.3,0.015000028117261286,0.15000028117261285,0.030000056234522572,29.18400001525879,0.6794928312301636,1.9383970499038696,0.3495345413684845,0.500145435333252,26,-0.3210087842487275,-0.3210087842487275,5.0,3.91515672668413,1.3877787807814457e-16,0,4,8,14,0,0,0,False,False,0.0,2501,-0.3210087842487275,5.0,2501,False,-0.3407630319115416,30.0,False,0.5,13,3.91515672668413,inf,upper end infinite at 18-30 m/s
e4_free_r0.3_ft,ngsim_i80,residual_idm,driver_fold3_seed4,"free core, no certificate, fine-tuned (D111)",3,4,0.3,1.0,0.3,0.01500003892837197,0.1500003892837197,0.03000007785674394,29.18400001525879,0.6794928312301636,1.9383970499038696,0.3495345413684845,0.500145435333252,26,-0.3210088974883968,-0.3210088974883968,5.0,3.91515672668413,1.1102230246251565e-16,0,4,8,14,0,0,0,False,False,0.0,2501,-0.3210088974883968,5.0,2501,False,-0.3407630319115416,30.0,False,0.5,13,3.91515672668413,inf,upper end infinite at 18-30 m/s
e4_free_r0.3_ft,ngsim_i80,residual_idm,driver_fold4_seed0,"free core, no certificate, fine-tuned (D111)",4,0,0.3,1.0,0.3,0.015000132430845418,0.15000132430845417,0.030000264861690835,29.6630916595459,0.6594720482826233,1.9918951988220215,0.33018583059310913,0.5001763105392456,26,-0.3369318658332578,-0.3369318658332578,5.0,3.829405049142977,2.7755575615628914e-17,0,3,18,5,0,0,0,False,False,0.0,2501,-0.3369318658332578,5.0,2501,False,-0.31525828261287253,30.0,False,0.46153846153846156,14,3.829405049142977,inf,upper end infinite at 17-30 m/s
e4_free_r0.3_ft,ngsim_i80,residual_idm,driver_fold4_seed1,"free core, no certificate, fine-tuned (D111)",4,1,0.3,1.0,0.3,0.01500007935035659,0.1500007935035659,0.03000015870071318,29.6630916595459,0.6594720482826233,1.9918951988220215,0.33018583059310913,0.5001763105392456,26,-0.3369313182497059,-0.3369313182497059,5.0,3.829405049142977,4.163336342344337e-17,0,3,18,5,0,0,0,False,False,0.0,2501,-0.3369313182497059,5.0,2501,False,-0.31525828261287253,30.0,False,0.46153846153846156,14,3.829405049142977,inf,upper end infinite at 17-30 m/s
e4_free_r0.3_ft,ngsim_i80,residual_idm,driver_fold4_seed2,"free core, no certificate, fine-tuned (D111)",4,2,0.3,1.0,0.3,0.015000026548089442,0.1500002654808944,0.030000053096178883,29.6630916595459,0.6594720482826233,1.9918951988220215,0.33018583059310913,0.5001763105392456,26,-0.3369307735360705,-0.3369307735360705,5.0,3.829405049142977,6.938893903907228e-17,0,3,18,5,0,0,0,False,False,0.0,2501,-0.3369307735360705,5.0,2501,False,-0.31525828261287253,30.0,False,0.46153846153846156,14,3.829405049142977,inf,upper end infinite at 17-30 m/s
e4_free_r0.3_ft,ngsim_i80,residual_idm,driver_fold4_seed3,"free core, no certificate, fine-tuned (D111)",4,3,0.3,1.0,0.3,0.015000025401583218,0.15000025401583217,0.030000050803166436,29.6630916595459,0.6594720482826233,1.9918951988220215,0.33018583059310913,0.5001763105392456,26,-0.3369307617085912,-0.3369307617085912,5.0,3.829405049142977,6.938893903907228e-17,0,3,18,5,0,0,0,False,False,0.0,2501,-0.3369307617085912,5.0,2501,False,-0.31525828261287253,30.0,False,0.46153846153846156,14,3.829405049142977,inf,upper end infinite at 17-30 m/s
e4_free_r0.3_ft,ngsim_i80,residual_idm,driver_fold4_seed4,"free core, no certificate, fine-tuned (D111)",4,4,0.3,1.0,0.3,0.015000076893197822,0.15000076893197822,0.030000153786395645,29.6630916595459,0.6594720482826233,1.9918951988220215,0.33018583059310913,0.5001763105392456,26,-0.33693129290140805,-0.33693129290140805,5.0,3.829405049142977,4.85722573273506e-17,0,3,18,5,0,0,0,False,False,0.0,2501,-0.33693129290140805,5.0,2501,False,-0.31525828261287253,30.0,False,0.46153846153846156,14,3.829405049142977,inf,upper end infinite at 17-30 m/s
e4_free_ft,ngsim_i80,residual_idm,driver_fold0_seed0,"free core of E1, no certificate, fine-tuned",0,0,1.0,1.0,1.0,0.050001221782400185,0.5000122178240018,0.10000244356480037,29.566280364990234,0.6760093569755554,2.0153238773345947,0.351346880197525,0.5000303983688354,26,-0.8385591183033521,-0.8385591183033518,5.0,2.93026386577199,3.3306690738754696e-16,0,0,9,17,0,0,0,False,False,0.0,2501,-0.8385591183033518,5.0,2501,False,-1.0210742872129475,30.0,False,0.0,26,2.7513896304989784,inf,upper end infinite at 5-30 m/s
e4_free_ft,ngsim_i80,residual_idm,driver_fold0_seed1,"free core of E1, no certificate, fine-tuned",0,1,1.0,1.0,1.0,0.05000526955947807,0.5000526955947807,0.10001053911895615,29.566280364990234,0.6760093569755554,2.0153238773345947,0.351346880197525,0.5000303983688354,26,-0.8386210638214392,-0.8386210638214389,5.0,2.930213959881007,3.3306690738754696e-16,0,0,9,17,0,0,0,False,False,0.0,2501,-0.8386210638214389,5.0,2501,False,-1.0210742872129475,30.0,False,0.0,26,2.7513896304989784,inf,upper end infinite at 5-30 m/s
e4_free_ft,ngsim_i80,residual_idm,driver_fold0_seed2,"free core of E1, no certificate, fine-tuned",0,2,1.0,1.0,1.0,0.050001718991876214,0.5000171899187621,0.10000343798375243,29.566280364990234,0.6760093569755554,2.0153238773345947,0.351346880197525,0.5000303983688354,26,-0.8385667273391967,-0.8385667273391966,5.0,2.930257735408346,4.440892098500626e-16,0,0,9,17,0,0,0,False,False,0.0,2501,-0.8385667273391966,5.0,2501,False,-1.0210742872129475,30.0,False,0.0,26,2.7513896304989784,inf,upper end infinite at 5-30 m/s
e4_free_ft,ngsim_i80,residual_idm,driver_fold0_seed3,"free core of E1, no certificate, fine-tuned",0,3,1.0,1.0,1.0,0.05000180275680658,0.5000180275680658,0.10000360551361316,29.566280364990234,0.6760093569755554,2.0153238773345947,0.351346880197525,0.5000303983688354,26,-0.8385680092357122,-0.8385680092357123,5.0,2.9302567026298862,3.3306690738754696e-16,0,0,9,17,0,0,0,False,False,0.0,2501,-0.8385680092357123,5.0,2501,False,-1.0210742872129475,30.0,False,0.0,26,2.7513896304989784,inf,upper end infinite at 5-30 m/s
e4_free_ft,ngsim_i80,residual_idm,driver_fold0_seed4,"free core of E1, no certificate, fine-tuned",0,4,1.0,1.0,1.0,0.050000634750397004,0.50000634750397,0.10000126950079401,29.566280364990234,0.6760093569755554,2.0153238773345947,0.351346880197525,0.5000303983688354,26,-0.8385501346895484,-0.8385501346895485,5.0,2.9302711036650937,3.3306690738754696e-16,0,0,9,17,0,0,0,False,False,0.0,2501,-0.8385501346895485,5.0,2501,False,-1.0210742872129475,30.0,False,0.0,26,2.7513896304989784,inf,upper end infinite at 5-30 m/s
e4_free_ft,ngsim_i80,residual_idm,driver_fold1_seed0,"free core of E1, no certificate, fine-tuned",1,0,1.0,1.0,1.0,0.050001085738626196,0.5000108573862619,0.10000217147725239,29.134536743164062,0.6727359294891357,1.98870050907135,0.3651844263076782,0.5001065731048584,26,-0.8276921598025675,-0.827692159802567,5.0,2.9690849717963124,4.440892098500626e-16,0,0,8,18,0,0,0,False,False,0.0,2501,-0.827692159802567,5.0,2501,False,-1.0453643853843335,30.0,False,0.0,26,2.7685846504487848,inf,upper end infinite at 5-30 m/s
e4_free_ft,ngsim_i80,residual_idm,driver_fold1_seed1,"free core of E1, no certificate, fine-tuned",1,1,1.0,1.0,1.0,0.05000033704808318,0.5000033704808318,0.10000067409616636,29.134536743164062,0.6727359294891357,1.98870050907135,0.3651844263076782,0.5001065731048584,26,-0.8276808228450027,-0.8276808228450027,5.0,2.969094367470688,3.3306690738754696e-16,0,0,8,18,0,0,0,False,False,0.0,2501,-0.8276808228450027,5.0,2501,False,-1.0453643853843335,30.0,False,0.0,26,2.7685846504487848,inf,upper end infinite at 5-30 m/s
e4_free_ft,ngsim_i80,residual_idm,driver_fold1_seed2,"free core of E1, no certificate, fine-tuned",1,2,1.0,1.0,1.0,0.05000682291731223,0.5000682291731223,0.10001364583462447,29.134536743164062,0.6727359294891357,1.98870050907135,0.3651844263076782,0.5001065731048584,26,-0.8277790354697597,-0.8277790354697598,5.0,2.9690129767381075,2.220446049250313e-16,0,0,8,18,0,0,0,False,False,0.0,2501,-0.8277790354697598,5.0,2501,False,-1.0453643853843335,30.0,False,0.0,26,2.7685846504487848,inf,upper end infinite at 5-30 m/s
e4_free_ft,ngsim_i80,residual_idm,driver_fold1_seed3,"free core of E1, no certificate, fine-tuned",1,3,1.0,1.0,1.0,0.050000308543565186,0.5000030854356519,0.10000061708713037,29.134536743164062,0.6727359294891357,1.98870050907135,0.3651844263076782,0.5001065731048584,26,-0.827680391219394,-0.8276803912193942,5.0,2.9690947251895685,2.220446049250313e-16,0,0,8,18,0,0,0,False,False,0.0,2501,-0.8276803912193942,5.0,2501,False,-1.0453643853843335,30.0,False,0.0,26,2.7685846504487848,inf,upper end infinite at 5-30 m/s
e4_free_ft,ngsim_i80,residual_idm,driver_fold1_seed4,"free core of E1, no certificate, fine-tuned",1,4,1.0,1.0,1.0,0.05000212910032003,0.5000212910032003,0.10000425820064006,29.134536743164062,0.6727359294891357,1.98870050907135,0.3651844263076782,0.5001065731048584,26,-0.8277079588393301,-0.8277079588393303,5.0,2.9690718783306824,4.440892098500626e-16,0,0,8,18,0,0,0,False,False,0.0,2501,-0.8277079588393303,5.0,2501,False,-1.0453643853843335,30.0,False,0.0,26,2.7685846504487848,inf,upper end infinite at 5-30 m/s
e4_free_ft,ngsim_i80,residual_idm,driver_fold2_seed0,"free core of E1, no certificate, fine-tuned",2,0,1.0,1.0,1.0,0.05000151027957679,0.5000151027957679,0.10000302055915358,28.921321868896484,0.6748539805412292,1.8934435844421387,0.3614453375339508,0.5000890493392944,26,-0.8137098574487026,-0.8137098574487025,5.0,2.9514921755302557,2.220446049250313e-16,0,0,7,19,0,0,0,False,False,0.0,2501,-0.8137098574487025,5.0,2501,False,-1.057015760787618,30.0,False,0.0,26,2.7145313410201357,inf,upper end infinite at 5-30 m/s
e4_free_ft,ngsim_i80,residual_idm,driver_fold2_seed1,"free core of E1, no certificate, fine-tuned",2,1,1.0,1.0,1.0,0.05000283689322959,0.5000283689322959,0.10000567378645918,28.921321868896484,0.6748539805412292,1.8934435844421387,0.3614453375339508,0.5000890493392944,26,-0.8137297139793075,-0.8137297139793073,5.0,2.9514754886153587,4.440892098500626e-16,0,0,7,19,0,0,0,False,False,0.0,2501,-0.8137297139793073,5.0,2501,False,-1.057015760787618,30.0,False,0.0,26,2.7145313410201357,inf,upper end infinite at 5-30 m/s
e4_free_ft,ngsim_i80,residual_idm,driver_fold2_seed2,"free core of E1, no certificate, fine-tuned",2,2,1.0,1.0,1.0,0.05000431075004073,0.5000431075004073,0.10000862150008145,28.921321868896484,0.6748539805412292,1.8934435844421387,0.3614453375339508,0.5000890493392944,26,-0.8137517745445971,-0.8137517745445976,5.0,2.951456949986181,5.551115123125783e-16,0,0,7,19,0,0,0,False,False,0.0,2501,-0.8137517745445976,5.0,2501,False,-1.057015760787618,30.0,False,0.0,26,2.7145313410201357,inf,upper end infinite at 5-30 m/s
e4_free_ft,ngsim_i80,residual_idm,driver_fold2_seed3,"free core of E1, no certificate, fine-tuned",2,3,1.0,1.0,1.0,0.05002118813009581,0.5002118813009581,0.10004237626019162,28.921321868896484,0.6748539805412292,1.8934435844421387,0.3614453375339508,0.5000890493392944,26,-0.8140044030443434,-0.8140044030443431,5.0,2.9512446907213703,3.3306690738754696e-16,0,0,8,18,0,0,0,False,False,0.0,2501,-0.8140044030443431,5.0,2501,False,-1.057015760787618,30.0,False,0.0,26,2.7145313410201357,inf,upper end infinite at 5-30 m/s
e4_free_ft,ngsim_i80,residual_idm,driver_fold2_seed4,"free core of E1, no certificate, fine-tuned",2,4,1.0,1.0,1.0,0.0500622798865942,0.500622798865942,0.1001245597731884,28.921321868896484,0.6748539805412292,1.8934435844421387,0.3614453375339508,0.5000890493392944,26,-0.8146195550608416,-0.8146195550608422,5.0,2.950728126124261,5.551115123125783e-16,0,0,8,18,0,0,0,False,False,0.0,2501,-0.8146195550608422,5.0,2501,False,-1.057015760787618,30.0,False,0.0,26,2.7145313410201357,inf,upper end infinite at 5-30 m/s
e4_free_ft,ngsim_i80,residual_idm,driver_fold3_seed0,"free core of E1, no certificate, fine-tuned",3,0,1.0,1.0,1.0,0.05000248479891409,0.5000248479891408,0.10000496959782817,29.18400001525879,0.6794928312301636,1.9383970499038696,0.3495345413684845,0.500145435333252,26,-0.8241460763455191,-0.8241460763455191,5.0,2.927216183556588,4.440892098500626e-16,0,0,9,17,0,0,0,False,False,0.0,2501,-0.8241460763455191,5.0,2501,False,-1.0407630319115415,30.0,False,0.0,26,2.71585159536142,inf,upper end infinite at 5-30 m/s
e4_free_ft,ngsim_i80,residual_idm,driver_fold3_seed1,"free core of E1, no certificate, fine-tuned",3,1,1.0,1.0,1.0,0.050003602636879,0.50003602636879,0.100007205273758,29.18400001525879,0.6794928312301636,1.9383970499038696,0.3495345413684845,0.500145435333252,26,-0.8241629741765094,-0.8241629741765094,5.0,2.9272023065435153,3.3306690738754696e-16,0,0,9,17,0,0,0,False,False,0.0,2501,-0.8241629741765094,5.0,2501,False,-1.0407630319115415,30.0,False,0.0,26,2.71585159536142,inf,upper end infinite at 5-30 m/s
e4_free_ft,ngsim_i80,residual_idm,driver_fold3_seed2,"free core of E1, no certificate, fine-tuned",3,2,1.0,1.0,1.0,0.05000099874442823,0.5000099874442823,0.10000199748885646,29.18400001525879,0.6794928312301636,1.9383970499038696,0.3495345413684845,0.500145435333252,26,-0.8241236124755948,-0.8241236124755952,5.0,2.9272346320307165,3.3306690738754696e-16,0,0,9,17,0,0,0,False,False,0.0,2501,-0.8241236124755952,5.0,2501,False,-1.0407630319115415,30.0,False,0.0,26,2.71585159536142,inf,upper end infinite at 5-30 m/s
e4_free_ft,ngsim_i80,residual_idm,driver_fold3_seed3,"free core of E1, no certificate, fine-tuned",3,3,1.0,1.0,1.0,0.0500028895786849,0.500028895786849,0.1000057791573698,29.18400001525879,0.6794928312301636,1.9383970499038696,0.3495345413684845,0.500145435333252,26,-0.824152195202282,-0.8241521952022819,5.0,2.927211158530848,3.3306690738754696e-16,0,0,9,17,0,0,0,False,False,0.0,2501,-0.8241521952022819,5.0,2501,False,-1.0407630319115415,30.0,False,0.0,26,2.71585159536142,inf,upper end infinite at 5-30 m/s
e4_free_ft,ngsim_i80,residual_idm,driver_fold3_seed4,"free core of E1, no certificate, fine-tuned",3,4,1.0,1.0,1.0,0.050001147613247116,0.5000114761324711,0.10000229522649423,29.18400001525879,0.6794928312301636,1.9383970499038696,0.3495345413684845,0.500145435333252,26,-0.8241258628377875,-0.8241258628377872,5.0,2.927232783894977,3.3306690738754696e-16,0,0,9,17,0,0,0,False,False,0.0,2501,-0.8241258628377872,5.0,2501,False,-1.0407630319115415,30.0,False,0.0,26,2.71585159536142,inf,upper end infinite at 5-30 m/s
e4_free_ft,ngsim_i80,residual_idm,driver_fold4_seed0,"free core of E1, no certificate, fine-tuned",4,0,1.0,1.0,1.0,0.050000440971155136,0.5000044097115514,0.10000088194231027,29.6630916595459,0.6594720482826233,1.9918951988220215,0.33018583059310913,0.5001763105392456,26,-0.876275672409209,-0.8762756724092088,5.0,2.7801676780265705,4.440892098500626e-16,0,0,10,16,0,0,0,False,False,0.0,2501,-0.8762756724092088,5.0,2501,False,-1.0152582826128727,30.0,False,0.0,26,2.635488441239457,inf,upper end infinite at 5-30 m/s
e4_free_ft,ngsim_i80,residual_idm,driver_fold4_seed1,"free core of E1, no certificate, fine-tuned",4,1,1.0,1.0,1.0,0.050000889130324556,0.5000088913032456,0.10000177826064911,29.6630916595459,0.6594720482826233,1.9918951988220215,0.33018583059310913,0.5001763105392456,26,-0.8762827879774676,-0.8762827879774675,5.0,2.7801625083426114,5.551115123125783e-16,0,0,10,16,0,0,0,False,False,0.0,2501,-0.8762827879774675,5.0,2501,False,-1.0152582826128727,30.0,False,0.0,26,2.635488441239457,inf,upper end infinite at 5-30 m/s
e4_free_ft,ngsim_i80,residual_idm,driver_fold4_seed2,"free core of E1, no certificate, fine-tuned",4,2,1.0,1.0,1.0,0.050000964873976844,0.5000096487397684,0.10000192974795369,29.6630916595459,0.6594720482826233,1.9918951988220215,0.33018583059310913,0.5001763105392456,26,-0.8762839905852254,-0.8762839905852259,5.0,2.7801616346146036,4.440892098500626e-16,0,0,10,16,0,0,0,False,False,0.0,2501,-0.8762839905852259,5.0,2501,False,-1.0152582826128727,30.0,False,0.0,26,2.635488441239457,inf,upper end infinite at 5-30 m/s
e4_free_ft,ngsim_i80,residual_idm,driver_fold4_seed3,"free core of E1, no certificate, fine-tuned",4,3,1.0,1.0,1.0,0.05000062532647336,0.5000062532647336,0.10000125065294672,29.6630916595459,0.6594720482826233,1.9918951988220215,0.33018583059310913,0.5001763105392456,26,-0.876278599476748,-0.876278599476748,5.0,2.7801655514147177,3.3306690738754696e-16,0,0,10,16,0,0,0,False,False,0.0,2501,-0.876278599476748,5.0,2501,False,-1.0152582826128727,30.0,False,0.0,26,2.635488441239457,inf,upper end infinite at 5-30 m/s
e4_free_ft,ngsim_i80,residual_idm,driver_fold4_seed4,"free core of E1, no certificate, fine-tuned",4,4,1.0,1.0,1.0,0.05000212439113967,0.5000212439113967,0.10000424878227934,29.6630916595459,0.6594720482826233,1.9918951988220215,0.33018583059310913,0.5001763105392456,26,-0.8763024006795977,-0.876302400679598,5.0,2.7801482593246516,5.551115123125783e-16,0,0,10,16,0,0,0,False,False,0.0,2501,-0.876302400679598,5.0,2501,False,-1.0152582826128727,30.0,False,0.0,26,2.635488441239457,inf,upper end infinite at 5-30 m/s
m4_e4pilot_r0.1,follownet_highd,residual_idm,driver_fold0_seed0,"pilot of D86, core with margin 0.2, certified budget",0,0,0.1,1.845078560409416,0.1845078560409416,0.009225461618401822,0.09225461618401821,0.018450923236803644,35.213199615478516,0.9788587093353271,3.193310499191284,1.5670632123947144,0.5000092387199402,26,0.02171256363229168,0.02171256363229168,5.0,8.360515034000288,0.0,0,26,0,0,26,26,0,True,True,0.0,2501,0.02171256363229168,5.0,0,True,0.6415014304655234,30.0,True,1.0,0,7.842781132849953,50.88812605109695,
m4_e4pilot_r0.2,follownet_highd,residual_idm,driver_fold0_seed0,"pilot of D86, core with margin 0.2, certified budget",0,0,0.2,0.7068631874302939,0.14137263748605877,0.007068892210270342,0.07068892210270342,0.014137784420540684,35.213199615478516,0.9788587093353271,3.193310499191284,1.5670632123947144,0.5000092387199402,26,0.01584194852211751,0.01584194852211751,5.0,8.661040062679062,0.0,0,26,0,0,26,26,0,True,True,0.0,2501,0.01584194852211751,5.0,0,True,0.5415014304655235,30.0,True,1.0,0,7.6175513266212365,55.38797261178229,
m4_e4pilot_r0.3,follownet_highd,residual_idm,driver_fold0_seed0,"pilot of D86, core with margin 0.2, certified budget",0,0,0.3,0.3348684471967966,0.10046053415903898,0.005023102821875654,0.05023102821875654,0.010046205643751308,35.213199615478516,0.9788587093353271,3.193310499191284,1.5670632123947144,0.5000092387199402,26,0.010687076127112838,0.010687076127112838,5.0,8.99649192322812,0.0,0,26,0,0,26,26,0,True,True,0.0,2501,0.010687076127112838,5.0,0,True,0.4415014304655234,30.0,True,1.0,0,7.410674308402643,61.34076888063236,
m8_smoke,ngsim_i80_p0,residual_idm,driver_fold0_seed0,smoke test of m8_temporal_stable_ft (2 epochs),0,0,0.3,0.3348684471967966,0.10046053415903898,0.0050255495235446805,0.0502554952354468,0.010051099047089361,35.213199615478516,0.9788587093353271,3.193310499191284,1.5670632123947144,0.5000092387199402,26,0.010656576923323446,0.010656576923323446,5.0,8.99649192322812,0.0,0,26,0,0,26,26,0,True,True,0.0,2501,0.010656576923323446,5.0,0,True,0.4415014304655234,30.0,True,1.0,0,7.410674308402643,61.34076888063236,
