experiment,data,model,split,fold,seed,run_dir,config_hash,penalty_kind,penalty_weight,init_from,init_config_hash,epochs,best_epoch,best_feasible,n_feasible,stop_reason,wall_time_s,n_trainable_parameters,val_n_events,val_collision_rate,val_open_loop_rmse_a,val_rmse_s_mean,val_rmse_s_median,val_rmse_s_pooled,val_rmse_v_mean,val_rmse_v_median,val_rmse_v_pooled,test_n_events,test_collision_rate,test_open_loop_rmse_a,test_rmse_s_mean,test_rmse_s_median,test_rmse_s_pooled,test_rmse_v_mean,test_rmse_v_median,test_rmse_v_pooled,budget_admissible,budget_safety,budget_r_max,budget_lipschitz,band_numerical_stable,band_numerical_unstable,band_numerical_outside,band_numerical_none,band_numerical_indifferent,band_numerical_undefined,band_sign_stable,band_sign_unstable,band_sign_outside,band_sign_none,band_sign_indifferent,band_sign_undefined,grid_numerical_stable,grid_numerical_unstable,grid_numerical_none,grid_numerical_indifferent,grid_numerical_undefined,grid_sign_stable,grid_sign_unstable,grid_sign_none,grid_sign_indifferent,grid_sign_undefined,max_gain,max_gain_omega,max_gain_v,agreement_gain,agreement_sign,share_unstable_numerical,share_unstable_sign,n_grid,n_equilibria,n_multiple,n_none,n_indifferent,n_usable,n_in_support,n_band_all,n_band_support,platoon_growth_error_mean,platoon_growth_error_human,platoon_growth_error_acc,platoon_n_profiles,platoon_n_collided,platoon_n_start_equilibrium,platoon_hysteresis_area_pulse,platoon_std_ratio_pulse,metrics_error,audit_error,platoon_error,transfer_error,certificate_error,certificate_a_priori_admissible_budget,certificate_a_priori_guaranteed_margin_min,certificate_a_priori_holds,certificate_a_priori_n_grid,certificate_a_priori_n_hold,certificate_applicable,certificate_at_equilibria_band,certificate_at_equilibria_empirical_margin_min,certificate_at_equilibria_guaranteed_margin_min,certificate_at_equilibria_holds,certificate_at_equilibria_n_equilibria,certificate_at_equilibria_n_hold,certificate_core_margin_max,certificate_core_margin_min,certificate_core_n_equilibria,certificate_core_n_grid,certificate_core_params_T,certificate_core_params_a,certificate_core_params_b,certificate_core_params_s0,certificate_core_params_v0,certificate_residual_lipschitz,certificate_residual_product,certificate_residual_r_max
e3_reference,ngsim_i80,idm,driver,0,0,C:\Users\Город\Downloads\research_plans\cf-stability\runs\e3_reference\ngsim_i80\idm\driver_fold0_seed0,dcebce8e4fb8,none,,,,,,,,,255.699535199994,0,1566,0.0,12.901909499133014,4.683569982574946,3.6103060684816763,5.463274329908586,0.9267482403488015,0.850053325213579,0.9077559265810974,1501,0.0,30.737107789763588,4.669880970923092,3.6113738423279607,5.330401993410489,0.9084722650510481,0.8362672786256671,0.8852525710801721,,,,,1.0,0.0,0.0,0.0,0.0,0.0,1.0,0.0,0.0,0.0,0.0,0.0,1.0,0.0,0.0,0.0,0.0,1.0,0.0,0.0,0.0,0.0,0.9992715079729965,0.02,5.0,1.0,1.0,0.0,0.0,26,22,0,4,0,22,14,16,14,,,,,,,,,,,,,,,,,,,,,,,,,,,,,,,,,,,,,
e3_reference,ngsim_i80,idm,driver,1,0,C:\Users\Город\Downloads\research_plans\cf-stability\runs\e3_reference\ngsim_i80\idm\driver_fold1_seed0,62aafd1af81b,none,,,,,,,,,323.816012100011,0,1564,0.0,46.409734891560916,4.665358415825131,3.5711811545620202,5.292965235653406,0.9235605459148477,0.8520314815457495,0.9061757488698068,1566,0.0,12.876312980612202,4.685606677793081,3.621097880787384,5.4619741399280874,0.9264328201427602,0.8521520484224181,0.9078195921568628,,,,,1.0,0.0,0.0,0.0,0.0,0.0,1.0,0.0,0.0,0.0,0.0,0.0,1.0,0.0,0.0,0.0,0.0,1.0,0.0,0.0,0.0,0.0,0.9992982939263205,0.02,5.0,1.0,1.0,0.0,0.0,26,22,0,4,0,22,14,16,14,,,,,,,,,,,,,,,,,,,,,,,,,,,,,,,,,,,,,
e3_reference,ngsim_i80,idm,driver,2,0,C:\Users\Город\Downloads\research_plans\cf-stability\runs\e3_reference\ngsim_i80\idm\driver_fold2_seed0,b048c989fe78,none,,,,,,,,,266.4154408000031,0,1497,0.0,19.552351738021088,4.661326419630385,3.6424423377290536,5.55379859934752,0.9091368403363328,0.832659349909,0.8946137776759875,1564,0.0,46.424143201959794,4.67104946188645,3.5683147658232426,5.29430032630177,0.9228424963362243,0.8509408678120123,0.9055168096662916,,,,,1.0,0.0,0.0,0.0,0.0,0.0,1.0,0.0,0.0,0.0,0.0,0.0,1.0,0.0,0.0,0.0,0.0,1.0,0.0,0.0,0.0,0.0,0.9992734865933708,0.02,5.0,1.0,1.0,0.0,0.0,26,22,0,4,0,22,13,16,13,,,,,,,,,,,,,,,,,,,,,,,,,,,,,,,,,,,,,
e3_reference,ngsim_i80,idm,driver,3,0,C:\Users\Город\Downloads\research_plans\cf-stability\runs\e3_reference\ngsim_i80\idm\driver_fold3_seed0,140e393b61ee,none,,,,,,,,,226.1522457999963,0,1523,0.0,23.57285398718099,4.601746832492973,3.5700300833027874,5.1643369952864715,0.9101793815448889,0.843331934154005,0.891776898225464,1497,0.0,19.354977929410435,4.64879536442325,3.6057912331477167,5.548295732923278,0.9083423582775387,0.8328414859507446,0.8940350747945538,,,,,1.0,0.0,0.0,0.0,0.0,0.0,1.0,0.0,0.0,0.0,0.0,0.0,1.0,0.0,0.0,0.0,0.0,1.0,0.0,0.0,0.0,0.0,0.9992881502104187,0.02,5.0,1.0,1.0,0.0,0.0,26,21,0,5,0,21,13,16,13,,,,,,,,,,,,,,,,,,,,,,,,,,,,,,,,,,,,,
e3_reference,ngsim_i80,idm,driver,4,0,C:\Users\Город\Downloads\research_plans\cf-stability\runs\e3_reference\ngsim_i80\idm\driver_fold4_seed0,fe23b95f1ec4,none,,,,,,,,,241.60627199998999,0,1501,0.0,30.611842300341383,4.669995857228171,3.6196406722696675,5.3267052751468205,0.9078614876963992,0.8359610325998429,0.8848342409808658,1523,0.0,23.735329656366975,4.599741368180856,3.5671500205164572,5.1673563846215025,0.9112436310760067,0.8434852706510326,0.8926195734373279,,,,,1.0,0.0,0.0,0.0,0.0,0.0,1.0,0.0,0.0,0.0,0.0,0.0,1.0,0.0,0.0,0.0,0.0,1.0,0.0,0.0,0.0,0.0,0.9992928153105195,0.02,5.0,1.0,1.0,0.0,0.0,26,22,0,4,0,22,13,16,13,,,,,,,,,,,,,,,,,,,,,,,,,,,,,,,,,,,,,
e4_free_ft,ngsim_i80,mlp,driver,0,0,C:\Users\Город\Downloads\research_plans\cf-stability\runs\e4_free_ft\ngsim_i80\mlp\driver_fold0_seed0,c41db21d9253,none,,runs/e1/follownet_highd/mlp/driver_fold0_seed0,4d2835d7c633,10.0,0.0,,,early_stopping,129.3269808999903,4481,1566,0.027458492975734355,0.9535851709385197,5.587950840516261,4.703712224960327,6.989770586003756,0.9181911425800616,0.8600210845470428,0.9231365795174286,1501,0.0313124583610926,0.9472521264070287,5.529286064937224,4.729124546051025,6.786371856839209,0.9102264777133657,0.8582154512405396,0.901623061205285,,,,,0.0,1.0,0.0,0.0,0.0,0.0,0.0,1.0,0.0,0.0,0.0,0.0,0.0,1.0,0.0,0.0,0.0,0.0,1.0,0.0,0.0,0.0,1.2018205972122709,0.03556558820077846,24.0,1.0,1.0,1.0,1.0,26,26,0,0,0,26,14,16,14,,,,,,,,,,,,,,,,,,,False,,,,,,,,,,,,,,,,,,
e4_free_ft,ngsim_i80,mlp,driver,0,1,C:\Users\Город\Downloads\research_plans\cf-stability\runs\e4_free_ft\ngsim_i80\mlp\driver_fold0_seed1,ae05edec7096,none,,runs/e1/follownet_highd/mlp/driver_fold0_seed1,a2ef1fa6cfa3,13.0,3.0,,,early_stopping,130.86727259999316,4481,1566,0.1756066411238825,0.920830313230886,5.596609529312391,4.466838121414185,6.539922875267572,1.0085376450270984,0.9298667907714844,1.022982631781131,1501,0.17921385742838108,0.9144645675042092,5.559009352796956,4.443253040313721,6.341762034420522,0.9980076747902388,0.935882568359375,0.9984218991304136,,,,,0.0,1.0,0.0,0.0,0.0,0.0,0.0,1.0,0.0,0.0,0.0,0.0,0.0,1.0,0.0,0.0,0.0,0.0,1.0,0.0,0.0,0.0,1.1771734899855442,0.09283177667225556,17.0,1.0,1.0,1.0,1.0,26,26,0,0,0,26,14,16,14,,,,,,,,,,,,,,,,,,,False,,,,,,,,,,,,,,,,,,
e4_free_ft,ngsim_i80,mlp,driver,0,2,C:\Users\Город\Downloads\research_plans\cf-stability\runs\e4_free_ft\ngsim_i80\mlp\driver_fold0_seed2,f9043e7f3852,none,,runs/e1/follownet_highd/mlp/driver_fold0_seed2,e1389ea5ebb4,13.0,3.0,,,early_stopping,128.40955579999718,4481,1566,0.16922094508301405,0.9208590901751391,5.6301829968109285,4.473066568374634,6.567472117750344,1.0129573290756075,0.9303803443908691,1.026287887426153,1501,0.1765489673550966,0.9143147044976363,5.578320121602326,4.397226333618164,6.356042198835984,1.001774659977207,0.9372227191925049,1.0012648279708096,,,,,0.0,1.0,0.0,0.0,0.0,0.0,0.0,1.0,0.0,0.0,0.0,0.0,0.0,1.0,0.0,0.0,0.0,0.0,1.0,0.0,0.0,0.0,1.1911180108454837,0.16508083705360369,5.0,1.0,1.0,1.0,1.0,26,26,0,0,0,26,14,16,14,,,,,,,,,,,,,,,,,,,False,,,,,,,,,,,,,,,,,,
e4_free_ft,ngsim_i80,mlp,driver,0,3,C:\Users\Город\Downloads\research_plans\cf-stability\runs\e4_free_ft\ngsim_i80\mlp\driver_fold0_seed3,619880f741ab,none,,runs/e1/follownet_highd/mlp/driver_fold0_seed3,e72f62991425,11.0,1.0,,,early_stopping,96.20044780000171,4481,1566,0.21711366538952745,0.9216016917414172,5.672920094500861,4.514712333679199,6.534629389936132,1.015448538193986,0.9388985931873322,1.0247408026471143,1501,0.2251832111925383,0.9151794753699363,5.643906777457822,4.459865570068359,6.350137976161777,1.0040778851286718,0.9361574053764343,0.9999725635461217,,,,,0.0,0.9285714285714286,0.07142857142857142,0.0,0.0,0.0,0.0,0.9285714285714286,0.07142857142857142,0.0,0.0,0.0,0.0,1.0,0.0,0.0,0.0,0.0,1.0,0.0,0.0,0.0,1.3019092666316836,0.09283177667225556,19.0,1.0,1.0,1.0,1.0,26,26,0,0,0,26,14,16,14,,,,,,,,,,,,,,,,,,,False,,,,,,,,,,,,,,,,,,
e4_free_ft,ngsim_i80,mlp,driver,0,4,C:\Users\Город\Downloads\research_plans\cf-stability\runs\e4_free_ft\ngsim_i80\mlp\driver_fold0_seed4,90eb6e8d0c60,none,,runs/e1/follownet_highd/mlp/driver_fold0_seed4,37ee9e7da967,10.0,0.0,,,early_stopping,94.47081420000177,4481,1566,0.031289910600255426,0.9555163792680271,5.483359260482198,4.588935136795044,6.841594736032714,0.9114506657438717,0.8544124662876129,0.9145960888392823,1501,0.03530979347101932,0.9490713366809717,5.407417938579805,4.67301607131958,6.627000716077511,0.9030724357438834,0.8492573499679565,0.8930161208492587,,,,,0.0,1.0,0.0,0.0,0.0,0.0,0.0,1.0,0.0,0.0,0.0,0.0,0.0,1.0,0.0,0.0,0.0,0.0,1.0,0.0,0.0,0.0,1.1493848925228627,0.04308869380063767,24.0,1.0,1.0,1.0,1.0,26,26,0,0,0,26,14,16,14,,,,,,,,,,,,,,,,,,,False,,,,,,,,,,,,,,,,,,
e4_free_ft,ngsim_i80,mlp,driver,1,0,C:\Users\Город\Downloads\research_plans\cf-stability\runs\e4_free_ft\ngsim_i80\mlp\driver_fold1_seed0,f6558f4b22db,none,,runs/e1/follownet_highd/mlp/driver_fold1_seed0,0d5cedd3d234,10.0,0.0,,,early_stopping,132.7399926000071,4481,1564,0.021099744245524295,0.9607537550328306,5.1800445788504215,4.309218883514404,6.2493782785990435,0.9128055419306011,0.8512851297855377,0.9149805708195065,1566,0.02234993614303959,0.9546361064035962,5.180710498819254,4.166247367858887,6.295419749870434,0.9106145466310311,0.8531905710697174,0.9127716072729762,,,,,0.21428571428571427,0.7857142857142857,0.0,0.0,0.0,0.0,0.0,1.0,0.0,0.0,0.0,0.0,0.21428571428571427,0.7857142857142857,0.0,0.0,0.0,0.0,1.0,0.0,0.0,0.0,1.218833598068644,0.024230553172571768,23.0,1.0,0.7857142857142857,0.7857142857142857,1.0,26,26,0,0,0,26,14,16,14,,,,,,,,,,,,,,,,,,,False,,,,,,,,,,,,,,,,,,
e4_free_ft,ngsim_i80,mlp,driver,1,1,C:\Users\Город\Downloads\research_plans\cf-stability\runs\e4_free_ft\ngsim_i80\mlp\driver_fold1_seed1,de46d0f67556,none,,runs/e1/follownet_highd/mlp/driver_fold1_seed1,f11491db1d09,14.0,4.0,,,early_stopping,94.85945359998732,4481,1564,0.14578005115089515,0.9279327570316551,5.4809203446673616,4.415952444076538,6.39624077856547,0.9989268311187435,0.9302643537521362,1.0154344384945022,1566,0.14431673052362706,0.9217821774821118,5.493861560030611,4.361654996871948,6.454391950597447,0.9942713027503604,0.9133721590042114,1.00802855090014,,,,,0.0,1.0,0.0,0.0,0.0,0.0,0.0,1.0,0.0,0.0,0.0,0.0,0.0,1.0,0.0,0.0,0.0,0.0,1.0,0.0,0.0,0.0,1.1614364720003028,0.13625841381159226,5.0,1.0,1.0,1.0,1.0,26,26,2,0,0,26,14,16,14,,,,,,,,,,,,,,,,,,,False,,,,,,,,,,,,,,,,,,
e4_free_ft,ngsim_i80,mlp,driver,1,2,C:\Users\Город\Downloads\research_plans\cf-stability\runs\e4_free_ft\ngsim_i80\mlp\driver_fold1_seed2,935adad5ce61,none,,runs/e1/follownet_highd/mlp/driver_fold1_seed2,cfaff2857253,10.0,0.0,,,early_stopping,100.24295080000593,4481,1564,0.03516624040920716,0.9587519482854637,5.000981190911187,4.202357530593872,5.934168073696853,0.9044336360662489,0.8470225036144257,0.9024323118453844,1566,0.04086845466155811,0.9528778619610914,5.0173105645548945,4.115593194961548,6.031528733468861,0.9024968996624989,0.8429277241230011,0.9008011875124003,,,,,0.0,1.0,0.0,0.0,0.0,0.0,0.0,1.0,0.0,0.0,0.0,0.0,0.0,1.0,0.0,0.0,0.0,0.0,1.0,0.0,0.0,0.0,1.1386829921441837,0.05220314431365072,24.0,1.0,1.0,1.0,1.0,26,26,0,0,0,26,14,16,14,,,,,,,,,,,,,,,,,,,False,,,,,,,,,,,,,,,,,,
e4_free_ft,ngsim_i80,mlp,driver,1,3,C:\Users\Город\Downloads\research_plans\cf-stability\runs\e4_free_ft\ngsim_i80\mlp\driver_fold1_seed3,c623eb74d0e7,none,,runs/e1/follownet_highd/mlp/driver_fold1_seed3,93a20f030f76,10.0,0.0,,,early_stopping,70.10880959998758,4481,1564,0.027493606138107418,0.9597059806974019,5.527901824897207,4.669358253479004,6.804536314630693,0.9229689153373394,0.8640647232532501,0.9274670273924811,1566,0.031289910600255426,0.9537344737499538,5.516332706710084,4.561794757843018,6.837581871520701,0.9199556099919372,0.8614254891872406,0.9248619966795532,,,,,0.0,1.0,0.0,0.0,0.0,0.0,0.0,1.0,0.0,0.0,0.0,0.0,0.0,1.0,0.0,0.0,0.0,0.0,1.0,0.0,0.0,0.0,1.156367793105966,0.05220314431365072,24.0,1.0,1.0,1.0,1.0,26,26,0,0,0,26,14,16,14,,,,,,,,,,,,,,,,,,,False,,,,,,,,,,,,,,,,,,
e4_free_ft,ngsim_i80,mlp,driver,1,4,C:\Users\Город\Downloads\research_plans\cf-stability\runs\e4_free_ft\ngsim_i80\mlp\driver_fold1_seed4,e4aa9e6b7725,none,,runs/e1/follownet_highd/mlp/driver_fold1_seed4,75f8b37bb1cf,14.0,4.0,,,early_stopping,122.89710850000847,4481,1564,0.1387468030690537,0.9273515379859373,5.678725473315972,4.656782865524292,6.675343352247392,1.0126151351062842,0.9448547065258026,1.0339416067765441,1566,0.13090676883780333,0.9211323343727076,5.6808375743328385,4.554826498031616,6.707670276376717,1.0071996595249018,0.9337415099143982,1.0253521320681773,,,,,0.0,0.9285714285714286,0.07142857142857142,0.0,0.0,0.0,0.0,0.9285714285714286,0.07142857142857142,0.0,0.0,0.0,0.0,1.0,0.0,0.0,0.0,0.0,1.0,0.0,0.0,0.0,1.4107628480736523,0.20000000000000004,23.0,1.0,1.0,1.0,1.0,26,26,0,0,0,26,14,16,14,,,,,,,,,,,,,,,,,,,False,,,,,,,,,,,,,,,,,,
e4_free_ft,ngsim_i80,mlp,driver,2,0,C:\Users\Город\Downloads\research_plans\cf-stability\runs\e4_free_ft\ngsim_i80\mlp\driver_fold2_seed0,0cc89b3f5108,none,,runs/e1/follownet_highd/mlp/driver_fold2_seed0,919027dc9250,12.0,2.0,,,early_stopping,147.27640220000467,4481,1497,0.18236472945891782,0.9237429928547689,5.6637752478769325,4.486459732055664,6.738798035557482,1.0120116782411386,0.9376833438873291,1.029217695474953,1564,0.17391304347826086,0.9273254122793783,5.672927476827751,4.578763484954834,6.588197494623439,1.0181913102984124,0.9516638517379761,1.0360943190239515,,,,,0.0,1.0,0.0,0.0,0.0,0.0,0.0,1.0,0.0,0.0,0.0,0.0,0.0,1.0,0.0,0.0,0.0,0.0,1.0,0.0,0.0,0.0,1.2440382828329681,0.11246826503806984,22.0,1.0,1.0,1.0,1.0,26,26,8,0,0,26,13,16,13,,,,,,,,,,,,,,,,,,,False,,,,,,,,,,,,,,,,,,
e4_free_ft,ngsim_i80,mlp,driver,2,1,C:\Users\Город\Downloads\research_plans\cf-stability\runs\e4_free_ft\ngsim_i80\mlp\driver_fold2_seed1,bfa65839ac74,none,,runs/e1/follownet_highd/mlp/driver_fold2_seed1,181de845631d,23.0,13.0,,,early_stopping,187.81282890000148,4481,1497,0.15030060120240482,0.9232936696511196,5.554053651645491,4.3762311935424805,6.581374474966886,1.006173005562746,0.9281855225563049,1.020269741155117,1564,0.13554987212276215,0.9270390277007801,5.598174825806142,4.4778687953948975,6.47319881515904,1.0161014232603485,0.9455050826072693,1.0312637438876244,,,,,0.0,1.0,0.0,0.0,0.0,0.0,0.0,1.0,0.0,0.0,0.0,0.0,0.0,1.0,0.0,0.0,0.0,0.0,1.0,0.0,0.0,0.0,1.1586735708882863,0.13625841381159226,5.0,1.0,1.0,1.0,1.0,26,26,0,0,0,26,13,16,13,,,,,,,,,,,,,,,,,,,False,,,,,,,,,,,,,,,,,,
e4_free_ft,ngsim_i80,mlp,driver,2,2,C:\Users\Город\Downloads\research_plans\cf-stability\runs\e4_free_ft\ngsim_i80\mlp\driver_fold2_seed2,da6c544efc60,none,,runs/e1/follownet_highd/mlp/driver_fold2_seed2,f34b414e88bd,13.0,3.0,,,early_stopping,96.50041950000741,4481,1497,0.1843687374749499,0.9242431880468223,5.497441424635465,4.3726277351379395,6.508422973195231,0.9961698398879949,0.9196828603744507,1.0079419399807013,1564,0.17519181585677748,0.9277980570304545,5.474937595217429,4.483946323394775,6.283023900063696,0.9981420755462573,0.9312284886837006,1.0103996254196221,,,,,0.0,1.0,0.0,0.0,0.0,0.0,0.0,1.0,0.0,0.0,0.0,0.0,0.0,1.0,0.0,0.0,0.0,0.0,1.0,0.0,0.0,0.0,1.203862811357443,0.11246826503806984,16.0,1.0,1.0,1.0,1.0,26,26,0,0,0,26,13,16,13,,,,,,,,,,,,,,,,,,,False,,,,,,,,,,,,,,,,,,
e4_free_ft,ngsim_i80,mlp,driver,2,3,C:\Users\Город\Downloads\research_plans\cf-stability\runs\e4_free_ft\ngsim_i80\mlp\driver_fold2_seed3,97a23cf58e30,none,,runs/e1/follownet_highd/mlp/driver_fold2_seed3,44391bb919c1,18.0,8.0,,,early_stopping,120.59393700001237,4481,1497,0.2070808283233133,0.923575908890815,5.616858182048192,4.433856010437012,6.690866367139799,1.0064952385449457,0.9283477663993835,1.0229057323860036,1564,0.19437340153452684,0.9272375541714508,5.626028941815619,4.529703855514526,6.5291158283359385,1.013323458564251,0.9429279863834381,1.0303003149581866,,,,,0.0,1.0,0.0,0.0,0.0,0.0,0.0,1.0,0.0,0.0,0.0,0.0,0.0,1.0,0.0,0.0,0.0,0.0,1.0,0.0,0.0,0.0,1.1488241346530268,0.13625841381159226,5.0,1.0,1.0,1.0,1.0,26,26,8,0,0,26,13,16,13,,,,,,,,,,,,,,,,,,,False,,,,,,,,,,,,,,,,,,
e4_free_ft,ngsim_i80,mlp,driver,2,4,C:\Users\Город\Downloads\research_plans\cf-stability\runs\e4_free_ft\ngsim_i80\mlp\driver_fold2_seed4,7b14274e0efa,none,,runs/e1/follownet_highd/mlp/driver_fold2_seed4,5e38a0bec608,20.0,10.0,,,early_stopping,195.65208729999722,4481,1497,0.20774883099532399,0.9244222948416924,5.608185787318783,4.4223504066467285,6.651019406408878,1.004539541188446,0.9211630821228027,1.017034184995913,1564,0.19117647058823528,0.9281698724835669,5.643753245911178,4.466978311538696,6.512584322280288,1.0129227783445203,0.93730229139328,1.0256101206668289,,,,,0.0,0.9230769230769231,0.07692307692307693,0.0,0.0,0.0,0.0,0.9230769230769231,0.07692307692307693,0.0,0.0,0.0,0.0,1.0,0.0,0.0,0.0,0.0,1.0,0.0,0.0,0.0,1.3569797905419705,0.20000000000000004,22.0,1.0,1.0,1.0,1.0,26,26,1,0,0,26,13,16,13,,,,,,,,,,,,,,,,,,,False,,,,,,,,,,,,,,,,,,
e4_free_ft,ngsim_i80,mlp,driver,3,0,C:\Users\Город\Downloads\research_plans\cf-stability\runs\e4_free_ft\ngsim_i80\mlp\driver_fold3_seed0,3d7ce88954d7,none,,runs/e1/follownet_highd/mlp/driver_fold3_seed0,4f022714cffe,10.0,0.0,,,early_stopping,112.2371659000055,4481,1523,0.028890347997373604,0.9456918159188274,5.6672885706373055,4.657784461975098,7.005383289376401,0.9246689639471897,0.8638249039649963,0.930547386321677,1497,0.036072144288577156,0.9570378873071855,5.786747452471363,4.710850238800049,7.307842308251246,0.9287856893095081,0.8625157475471497,0.9395005042672849,,,,,0.0,1.0,0.0,0.0,0.0,0.0,0.0,1.0,0.0,0.0,0.0,0.0,0.0,1.0,0.0,0.0,0.0,0.0,1.0,0.0,0.0,0.0,1.1909608164214434,0.05220314431365072,23.0,1.0,1.0,1.0,1.0,26,26,0,0,0,26,13,16,13,,,,,,,,,,,,,,,,,,,False,,,,,,,,,,,,,,,,,,
e4_free_ft,ngsim_i80,mlp,driver,3,1,C:\Users\Город\Downloads\research_plans\cf-stability\runs\e4_free_ft\ngsim_i80\mlp\driver_fold3_seed1,6c852edea8ab,none,,runs/e1/follownet_highd/mlp/driver_fold3_seed1,7ec6b91ac3b2,12.0,2.0,,,early_stopping,102.12741039998946,4481,1523,0.1608667104399212,0.9128316170044473,5.628719052680213,4.629527568817139,6.325644750400929,1.0047182821065128,0.9305781722068787,1.0131598831041482,1497,0.1796927187708751,0.924139300507804,5.551839582487672,4.428280353546143,6.583543647134828,1.0016295943128004,0.9272471070289612,1.0157261156656352,,,,,0.0,1.0,0.0,0.0,0.0,0.0,0.0,1.0,0.0,0.0,0.0,0.0,0.0,1.0,0.0,0.0,0.0,0.0,1.0,0.0,0.0,0.0,1.2209338842232569,0.09283177667225556,18.0,1.0,1.0,1.0,1.0,26,26,0,0,0,26,13,16,13,,,,,,,,,,,,,,,,,,,False,,,,,,,,,,,,,,,,,,
e4_free_ft,ngsim_i80,mlp,driver,3,2,C:\Users\Город\Downloads\research_plans\cf-stability\runs\e4_free_ft\ngsim_i80\mlp\driver_fold3_seed2,25427a03bfff,none,,runs/e1/follownet_highd/mlp/driver_fold3_seed2,c2cf1dff92a8,14.0,4.0,,,early_stopping,109.58872790000169,4481,1523,0.13066316480630336,0.9129769450905073,5.611597702073487,4.5690741539001465,6.335635520453767,1.0024268322196823,0.9276434183120728,1.0133423928049992,1497,0.14829659318637275,0.9242265848479226,5.515632315205986,4.3837785720825195,6.5461637621817195,1.0007907897532584,0.9272234439849854,1.0144928740226868,,,,,0.0,1.0,0.0,0.0,0.0,0.0,0.0,1.0,0.0,0.0,0.0,0.0,0.0,1.0,0.0,0.0,0.0,0.0,1.0,0.0,0.0,0.0,1.1669112501333743,0.13625841381159226,5.0,1.0,1.0,1.0,1.0,26,26,6,0,0,26,13,16,13,,,,,,,,,,,,,,,,,,,False,,,,,,,,,,,,,,,,,,
e4_free_ft,ngsim_i80,mlp,driver,3,3,C:\Users\Город\Downloads\research_plans\cf-stability\runs\e4_free_ft\ngsim_i80\mlp\driver_fold3_seed3,9263f8d510ab,none,,runs/e1/follownet_highd/mlp/driver_fold3_seed3,933c0c93c6cd,23.0,13.0,,,early_stopping,153.53663979998964,4481,1523,0.16021011162179907,0.9120701293768592,5.780936787571472,4.628016948699951,6.515031260649979,1.014725239816576,0.9320681095123291,1.0257759820710128,1497,0.18370073480293922,0.9233322323325495,5.655110833799354,4.442481994628906,6.715250719955624,1.0107786873219884,0.9318101406097412,1.0249357184891335,,,,,0.0,0.9230769230769231,0.07692307692307693,0.0,0.0,0.0,0.0,0.9230769230769231,0.07692307692307693,0.0,0.0,0.0,0.0,1.0,0.0,0.0,0.0,0.0,1.0,0.0,0.0,0.0,1.1607825734317734,0.11246826503806984,24.0,1.0,1.0,1.0,1.0,26,26,0,0,0,26,13,16,13,,,,,,,,,,,,,,,,,,,False,,,,,,,,,,,,,,,,,,
e4_free_ft,ngsim_i80,mlp,driver,3,4,C:\Users\Город\Downloads\research_plans\cf-stability\runs\e4_free_ft\ngsim_i80\mlp\driver_fold3_seed4,71c4e4fd0254,none,,runs/e1/follownet_highd/mlp/driver_fold3_seed4,b9bd521d0c42,16.0,6.0,,,early_stopping,102.06098910000583,4481,1523,0.13985554826001312,0.9123259923489341,5.67554259796285,4.606780529022217,6.425522585896633,1.0059886647930132,0.9256113171577454,1.0169222586216966,1497,0.15564462257849032,0.9236452187395161,5.57381902452939,4.374792575836182,6.665736147438122,1.0028196786273378,0.9237000942230225,1.0184327797910409,,,,,0.0,1.0,0.0,0.0,0.0,0.0,0.0,1.0,0.0,0.0,0.0,0.0,0.0,1.0,0.0,0.0,0.0,0.0,1.0,0.0,0.0,0.0,1.353178508158695,0.13625841381159226,24.0,1.0,1.0,1.0,1.0,26,26,4,0,0,26,13,16,13,,,,,,,,,,,,,,,,,,,False,,,,,,,,,,,,,,,,,,
e4_free_ft,ngsim_i80,mlp,driver,4,0,C:\Users\Город\Downloads\research_plans\cf-stability\runs\e4_free_ft\ngsim_i80\mlp\driver_fold4_seed0,c189c64a47e6,none,,runs/e1/follownet_highd/mlp/driver_fold4_seed0,105d11ac4265,12.0,2.0,,,early_stopping,115.89413040000363,4481,1501,0.1345769487008661,0.9163757683119962,5.566587387800693,4.447091102600098,6.438351175366322,0.9891637122527827,0.9329599142074585,0.9896947493071451,1523,0.13000656598818122,0.9143774442792166,5.712814019255473,4.649084568023682,6.537765329634768,1.0015322468093721,0.9277090430259705,1.013734823927373,,,,,0.0,1.0,0.0,0.0,0.0,0.0,0.0,1.0,0.0,0.0,0.0,0.0,0.0,1.0,0.0,0.0,0.0,0.0,1.0,0.0,0.0,0.0,1.1634318219626305,0.09283177667225556,17.0,1.0,1.0,1.0,1.0,26,26,0,0,0,26,13,16,13,,,,,,,,,,,,,,,,,,,False,,,,,,,,,,,,,,,,,,
e4_free_ft,ngsim_i80,mlp,driver,4,1,C:\Users\Город\Downloads\research_plans\cf-stability\runs\e4_free_ft\ngsim_i80\mlp\driver_fold4_seed1,f8c1ad4d8a89,none,,runs/e1/follownet_highd/mlp/driver_fold4_seed1,7603738f120a,12.0,2.0,,,early_stopping,102.61446949999663,4481,1501,0.2171885409726849,0.9149743252735597,5.60180910337694,4.473043441772461,6.365122691195463,0.9998047203818295,0.9368684887886047,0.9988052773008204,1523,0.1989494418910046,0.9127691179363076,5.702159303430657,4.660892009735107,6.431598279657272,1.011922404727729,0.9330873489379883,1.0229462306790174,,,,,0.0,1.0,0.0,0.0,0.0,0.0,0.0,1.0,0.0,0.0,0.0,0.0,0.0,1.0,0.0,0.0,0.0,0.0,1.0,0.0,0.0,0.0,1.1477607785686157,0.13625841381159226,5.0,1.0,1.0,1.0,1.0,26,26,0,0,0,26,13,16,13,,,,,,,,,,,,,,,,,,,False,,,,,,,,,,,,,,,,,,
e4_free_ft,ngsim_i80,mlp,driver,4,2,C:\Users\Город\Downloads\research_plans\cf-stability\runs\e4_free_ft\ngsim_i80\mlp\driver_fold4_seed2,6980a47cd82a,none,,runs/e1/follownet_highd/mlp/driver_fold4_seed2,f6e24b48fa78,11.0,1.0,,,early_stopping,96.19570660000318,4481,1501,0.17121918720852763,0.9155278749604671,5.60484930557223,4.4912004470825195,6.350316690112859,1.0026534551147777,0.9460795521736145,1.0001236673422491,1523,0.15233092580433355,0.9134046119913665,5.714769589493953,4.658710956573486,6.424198481455455,1.015044775933947,0.9408963322639465,1.024480869090967,,,,,0.0,1.0,0.0,0.0,0.0,0.0,0.0,1.0,0.0,0.0,0.0,0.0,0.0,1.0,0.0,0.0,0.0,0.0,1.0,0.0,0.0,0.0,1.2941158991629431,0.09283177667225556,21.0,1.0,1.0,1.0,1.0,26,26,0,0,0,26,13,16,13,,,,,,,,,,,,,,,,,,,False,,,,,,,,,,,,,,,,,,
e4_free_ft,ngsim_i80,mlp,driver,4,3,C:\Users\Город\Downloads\research_plans\cf-stability\runs\e4_free_ft\ngsim_i80\mlp\driver_fold4_seed3,1fd101356a13,none,,runs/e1/follownet_highd/mlp/driver_fold4_seed3,9c78fa222a0d,16.0,6.0,,,early_stopping,131.67184870000347,4481,1501,0.12991339107261826,0.9147923121227909,5.553837027035897,4.339994430541992,6.455054426516512,0.990738334038669,0.9282238483428955,0.9914043002158768,1523,0.1247537754432042,0.9126856176265733,5.679427655742737,4.582544326782227,6.491752970660727,1.0054532674704424,0.9219483733177185,1.0166978099216444,,,,,0.0,1.0,0.0,0.0,0.0,0.0,0.0,1.0,0.0,0.0,0.0,0.0,0.0,1.0,0.0,0.0,0.0,0.0,1.0,0.0,0.0,0.0,1.1433443411172979,0.13625841381159226,5.0,1.0,1.0,1.0,1.0,26,26,0,0,0,26,13,16,13,,,,,,,,,,,,,,,,,,,False,,,,,,,,,,,,,,,,,,
e4_free_ft,ngsim_i80,mlp,driver,4,4,C:\Users\Город\Downloads\research_plans\cf-stability\runs\e4_free_ft\ngsim_i80\mlp\driver_fold4_seed4,8dcb5000046c,none,,runs/e1/follownet_highd/mlp/driver_fold4_seed4,b3b0b800429f,15.0,5.0,,,early_stopping,141.33840350000537,4481,1501,0.1972018654230513,0.9153187091120251,5.576440548912673,4.385035037994385,6.332161333120507,0.9920019329706087,0.919714629650116,0.9876818266899746,1523,0.1792514773473408,0.9130860011346438,5.682703734187804,4.576923370361328,6.364188227542755,1.0041029709033564,0.9250820875167847,1.01051308184111,,,,,0.0,1.0,0.0,0.0,0.0,0.0,0.0,1.0,0.0,0.0,0.0,0.0,0.0,1.0,0.0,0.0,0.0,0.0,1.0,0.0,0.0,0.0,1.1865166371594258,0.13625841381159226,11.0,1.0,1.0,1.0,1.0,26,26,0,0,0,26,13,16,13,,,,,,,,,,,,,,,,,,,False,,,,,,,,,,,,,,,,,,
e4_free_ft,ngsim_i80,residual_idm,driver,0,0,C:\Users\Город\Downloads\research_plans\cf-stability\runs\e4_free_ft\ngsim_i80\residual_idm\driver_fold0_seed0,6884718c6427,none,,runs/e1/follownet_highd/residual_idm/driver_fold0_seed0,a90118586054,20.0,10.0,,,early_stopping,551.0666811999981,4481,1566,0.0,7.08652943441351,4.28234978039222,3.2226985692977905,5.063051640347937,0.8797408648187326,0.8158864676952362,0.8683886640857794,1501,0.0,20.352976797197076,4.262671667325504,3.3474526405334473,4.830249215152048,0.8680335165340848,0.8116821050643921,0.8461304346496722,,,,,0.9285714285714286,0.07142857142857142,0.0,0.0,0.0,0.0,0.0,1.0,0.0,0.0,0.0,0.0,0.9285714285714286,0.07142857142857142,0.0,0.0,0.0,0.0,1.0,0.0,0.0,0.0,1.020467703968997,0.09283177667225556,5.0,1.0,0.07142857142857142,0.07142857142857142,1.0,26,22,0,4,0,22,14,16,14,,,,,,,,,,,,,,0.0,-0.8385591183033521,False,26.0,0.0,True,True,-0.03512692045394921,-0.30102388392144014,False,22.0,0.0,0.021114388499744445,-0.11546065752297702,25.0,26.0,0.6760093569755554,0.351346880197525,0.5000303983688354,2.0153238773345947,29.566280364990234,1.0,1.0,1.0
e4_free_ft,ngsim_i80,residual_idm,driver,0,1,C:\Users\Город\Downloads\research_plans\cf-stability\runs\e4_free_ft\ngsim_i80\residual_idm\driver_fold0_seed1,43ac1b1a9c85,none,,runs/e1/follownet_highd/residual_idm/driver_fold0_seed1,c4736d28d4db,23.0,13.0,,,early_stopping,425.7905030999973,4481,1566,0.0,7.086705722558998,4.269383796672711,3.1865798234939575,5.066298767138898,0.8792974953926234,0.8156201839447021,0.8676338727021002,1501,0.0,20.353069659333887,4.244119666918844,3.330369472503662,4.814203109116695,0.8675708994716108,0.8073040246963501,0.845030908879356,,,,,0.8571428571428571,0.14285714285714285,0.0,0.0,0.0,0.0,0.0,1.0,0.0,0.0,0.0,0.0,0.8571428571428571,0.14285714285714285,0.0,0.0,0.0,0.0,1.0,0.0,0.0,0.0,1.0224004634149635,0.09283177667225556,5.0,1.0,0.14285714285714285,0.14285714285714285,1.0,26,20,0,6,0,20,14,16,14,,,,,,,,,,,,,,0.0,-0.8386210638214392,False,26.0,0.0,True,True,-0.03726485550145031,-0.30456524329215484,False,20.0,0.0,0.021114388499744445,-0.11546065752297702,25.0,26.0,0.6760093569755554,0.351346880197525,0.5000303983688354,2.0153238773345947,29.566280364990234,1.0,1.0,1.0
e4_free_ft,ngsim_i80,residual_idm,driver,0,2,C:\Users\Город\Downloads\research_plans\cf-stability\runs\e4_free_ft\ngsim_i80\residual_idm\driver_fold0_seed2,09917bc4597a,none,,runs/e1/follownet_highd/residual_idm/driver_fold0_seed2,f660fb2fa0a5,22.0,12.0,,,early_stopping,461.0970847999997,4481,1566,0.0,7.088087595836734,4.275357133641097,3.247409701347351,5.0416746519943185,0.878257983136984,0.8161463141441345,0.8666435726114495,1501,0.0,20.353687035413977,4.243902578940001,3.3697264194488525,4.791930494632094,0.8666770223337043,0.808790385723114,0.8443861477460411,,,,,0.9285714285714286,0.07142857142857142,0.0,0.0,0.0,0.0,0.0,1.0,0.0,0.0,0.0,0.0,0.9285714285714286,0.07142857142857142,0.0,0.0,0.0,0.0,1.0,0.0,0.0,0.0,1.0208994533943159,0.09283177667225556,5.0,1.0,0.07142857142857142,0.07142857142857142,1.0,26,20,1,6,0,20,14,16,14,,,,,,,,,,,,,,0.0,-0.8385667273391967,False,26.0,0.0,True,True,-0.03288054902677399,-0.2912549946165978,False,20.0,0.0,0.021114388499744445,-0.11546065752297702,25.0,26.0,0.6760093569755554,0.351346880197525,0.5000303983688354,2.0153238773345947,29.566280364990234,1.0,1.0,1.0
e4_free_ft,ngsim_i80,residual_idm,driver,0,3,C:\Users\Город\Downloads\research_plans\cf-stability\runs\e4_free_ft\ngsim_i80\residual_idm\driver_fold0_seed3,7d72d0abedfd,none,,runs/e1/follownet_highd/residual_idm/driver_fold0_seed3,3e4595a49949,39.0,29.0,,,early_stopping,653.2126127999945,4481,1566,0.0,7.088416273627061,4.2685312010052865,3.1987247467041016,5.067230982953178,0.8798047602937901,0.8159914016723633,0.8678464769617351,1501,0.0,20.353793295109018,4.245884733625764,3.346190929412842,4.817128415753563,0.8680088759501087,0.8089190721511841,0.8453209029875921,,,,,0.9285714285714286,0.07142857142857142,0.0,0.0,0.0,0.0,0.0,1.0,0.0,0.0,0.0,0.0,0.9285714285714286,0.07142857142857142,0.0,0.0,0.0,0.0,1.0,0.0,0.0,0.0,1.0200632700882564,0.09283177667225556,5.0,1.0,0.07142857142857142,0.07142857142857142,1.0,26,21,0,5,0,21,14,16,14,,,,,,,,,,,,,,0.0,-0.8385680092357122,False,26.0,0.0,True,True,-0.03569851727978165,-0.2981815370984714,False,21.0,0.0,0.021114388499744445,-0.11546065752297702,25.0,26.0,0.6760093569755554,0.351346880197525,0.5000303983688354,2.0153238773345947,29.566280364990234,1.0,1.0,1.0
e4_free_ft,ngsim_i80,residual_idm,driver,0,4,C:\Users\Город\Downloads\research_plans\cf-stability\runs\e4_free_ft\ngsim_i80\residual_idm\driver_fold0_seed4,ee6a0c2b8578,none,,runs/e1/follownet_highd/residual_idm/driver_fold0_seed4,15a585e79318,23.0,13.0,,,early_stopping,490.731088200002,4481,1566,0.0,7.0853068149314575,4.275966701722236,3.2055273056030273,5.076762870114885,0.8800788078537998,0.8161999881267548,0.8682136937915116,1501,0.0,20.352550305149606,4.264179649986798,3.3463568687438965,4.850279158406431,0.8685869244159975,0.8106229901313782,0.84619517290321,,,,,0.9285714285714286,0.07142857142857142,0.0,0.0,0.0,0.0,0.0,1.0,0.0,0.0,0.0,0.0,0.9285714285714286,0.07142857142857142,0.0,0.0,0.0,0.0,1.0,0.0,0.0,0.0,1.020036595818249,0.09283177667225556,5.0,1.0,0.07142857142857142,0.07142857142857142,1.0,26,23,0,3,0,23,14,16,14,,,,,,,,,,,,,,0.0,-0.8385501346895484,False,26.0,0.0,True,True,-0.03736232102547629,-0.31069227640206243,False,23.0,0.0,0.021114388499744445,-0.11546065752297702,25.0,26.0,0.6760093569755554,0.351346880197525,0.5000303983688354,2.0153238773345947,29.566280364990234,1.0,1.0,1.0
e4_free_ft,ngsim_i80,residual_idm,driver,1,0,C:\Users\Город\Downloads\research_plans\cf-stability\runs\e4_free_ft\ngsim_i80\residual_idm\driver_fold1_seed0,9967bd124785,none,,runs/e1/follownet_highd/residual_idm/driver_fold1_seed0,085024af9766,29.0,19.0,,,early_stopping,738.4012814000016,4481,1564,0.0,32.713547612459095,4.282326519374958,3.3398795127868652,4.881481875736229,0.8833202140410538,0.8177965581417084,0.8703595504620786,1566,0.0,7.111344908081107,4.286436598115193,3.233085513114929,5.100855980432319,0.8819029106833469,0.8190767467021942,0.8698124332367286,,,,,1.0,0.0,0.0,0.0,0.0,0.0,0.0,1.0,0.0,0.0,0.0,0.0,1.0,0.0,0.0,0.0,0.0,0.0,1.0,0.0,0.0,0.0,1.018818315848823,0.11246826503806984,5.0,1.0,0.0,0.0,1.0,26,21,0,5,0,21,14,16,14,,,,,,,,,,,,,,0.0,-0.8276921598025675,False,26.0,0.0,True,True,-0.03873991820580312,-0.3101843560419994,False,21.0,0.0,0.023233612190997194,-0.11738867994258614,25.0,26.0,0.6727359294891357,0.3651844263076782,0.5001065731048584,1.98870050907135,29.134536743164062,1.0,1.0,1.0
e4_free_ft,ngsim_i80,residual_idm,driver,1,1,C:\Users\Город\Downloads\research_plans\cf-stability\runs\e4_free_ft\ngsim_i80\residual_idm\driver_fold1_seed1,f9940fe2cf12,none,,runs/e1/follownet_highd/residual_idm/driver_fold1_seed1,55256b0e8494,25.0,15.0,,,early_stopping,473.44651970000996,4481,1564,0.0,32.71339241269052,4.267320404043588,3.3677064180374146,4.849987902105164,0.8805480445056315,0.8150852918624878,0.8677703715281276,1566,0.0,7.110940879200725,4.268648102479876,3.179774522781372,5.065562685021995,0.8790378448949463,0.8163424730300903,0.8672532888945729,,,,,1.0,0.0,0.0,0.0,0.0,0.0,0.0,1.0,0.0,0.0,0.0,0.0,1.0,0.0,0.0,0.0,0.0,0.0,1.0,0.0,0.0,0.0,1.0179172571055386,0.09283177667225556,5.0,1.0,0.0,0.0,1.0,26,20,0,6,0,20,14,16,14,,,,,,,,,,,,,,0.0,-0.8276808228450027,False,26.0,0.0,True,True,-0.03322563973508863,-0.2978336600116198,False,20.0,0.0,0.023233612190997194,-0.11738867994258614,25.0,26.0,0.6727359294891357,0.3651844263076782,0.5001065731048584,1.98870050907135,29.134536743164062,1.0,1.0,1.0
e4_free_ft,ngsim_i80,residual_idm,driver,1,2,C:\Users\Город\Downloads\research_plans\cf-stability\runs\e4_free_ft\ngsim_i80\residual_idm\driver_fold1_seed2,7d789e69e752,none,,runs/e1/follownet_highd/residual_idm/driver_fold1_seed2,5bb2ceb22f5f,21.0,11.0,,,early_stopping,391.99068779998925,4481,1564,0.0,32.71344887192901,4.274086141563438,3.363143801689148,4.8530824632094625,0.880763757202174,0.815625011920929,0.868275112991692,1566,0.0,7.111387407625677,4.268789003768491,3.1771167516708374,5.054501089056453,0.8790883430081157,0.8160869181156158,0.8674336623029446,,,,,0.9285714285714286,0.07142857142857142,0.0,0.0,0.0,0.0,0.0,1.0,0.0,0.0,0.0,0.0,0.9285714285714286,0.07142857142857142,0.0,0.0,0.0,0.0,1.0,0.0,0.0,0.0,1.0204397216378136,0.09283177667225556,5.0,1.0,0.07142857142857142,0.07142857142857142,1.0,26,21,0,5,0,21,14,16,14,,,,,,,,,,,,,,0.0,-0.8277790354697597,False,26.0,0.0,True,True,-0.03465975959836983,-0.3003284271805592,False,21.0,0.0,0.023233612190997194,-0.11738867994258614,25.0,26.0,0.6727359294891357,0.3651844263076782,0.5001065731048584,1.98870050907135,29.134536743164062,1.0,1.0,1.0
e4_free_ft,ngsim_i80,residual_idm,driver,1,3,C:\Users\Город\Downloads\research_plans\cf-stability\runs\e4_free_ft\ngsim_i80\residual_idm\driver_fold1_seed3,c8bef04a9916,none,,runs/e1/follownet_highd/residual_idm/driver_fold1_seed3,901a9440fcde,37.0,27.0,,,early_stopping,619.223505899994,4481,1564,0.0,32.71302060475466,4.266032622712652,3.3670058250427246,4.853441629471793,0.8809617792858797,0.81479212641716,0.8682651308666274,1566,0.0,7.1103346641346725,4.270538316832648,3.185198426246643,5.072235056688769,0.8794666252564044,0.8160673379898071,0.8677529038861029,,,,,1.0,0.0,0.0,0.0,0.0,0.0,0.0,1.0,0.0,0.0,0.0,0.0,1.0,0.0,0.0,0.0,0.0,0.0,1.0,0.0,0.0,0.0,1.0188354612874801,0.09283177667225556,5.0,1.0,0.0,0.0,1.0,26,21,0,5,0,21,14,16,14,,,,,,,,,,,,,,0.0,-0.827680391219394,False,26.0,0.0,True,True,-0.034057781207699055,-0.30478046082385984,False,21.0,0.0,0.023233612190997194,-0.11738867994258614,25.0,26.0,0.6727359294891357,0.3651844263076782,0.5001065731048584,1.98870050907135,29.134536743164062,1.0,1.0,1.0
e4_free_ft,ngsim_i80,residual_idm,driver,1,4,C:\Users\Город\Downloads\research_plans\cf-stability\runs\e4_free_ft\ngsim_i80\residual_idm\driver_fold1_seed4,e7c9af062506,none,,runs/e1/follownet_highd/residual_idm/driver_fold1_seed4,c2750f31a641,27.0,17.0,,,early_stopping,587.5467451000004,4481,1564,0.0,32.71318183360938,4.281232704858645,3.3564717769622803,4.873762080568275,0.8814706511776466,0.8144327998161316,0.8688651882119005,1566,0.0,7.110605246982655,4.268515128133245,3.205361843109131,5.072107708835801,0.879481414363911,0.8161419928073883,0.8675151950090465,,,,,1.0,0.0,0.0,0.0,0.0,0.0,0.0,1.0,0.0,0.0,0.0,0.0,1.0,0.0,0.0,0.0,0.0,0.0,1.0,0.0,0.0,0.0,1.0181745739315438,0.09283177667225556,5.0,1.0,0.0,0.0,1.0,26,23,0,3,0,23,14,16,14,,,,,,,,,,,,,,0.0,-0.8277079588393301,False,26.0,0.0,True,True,-0.034588079178315634,-0.29901539995646426,False,23.0,0.0,0.023233612190997194,-0.11738867994258614,25.0,26.0,0.6727359294891357,0.3651844263076782,0.5001065731048584,1.98870050907135,29.134536743164062,1.0,1.0,1.0
e4_free_ft,ngsim_i80,residual_idm,driver,2,0,C:\Users\Город\Downloads\research_plans\cf-stability\runs\e4_free_ft\ngsim_i80\residual_idm\driver_fold2_seed0,5eb61789621b,none,,runs/e1/follownet_highd/residual_idm/driver_fold2_seed0,8d4f4ebf6b90,27.0,17.0,,,early_stopping,685.9865729000012,4481,1497,0.0,11.734930910904144,4.276229457012716,3.342580795288086,5.2138657502954775,0.873829669110681,0.7994245886802673,0.866662350975728,1564,0.0,32.6492006764437,4.2943459395938515,3.3686585426330566,4.895256390017748,0.8837853000711298,0.8162322044372559,0.871161032248262,,,,,0.9230769230769231,0.07692307692307693,0.0,0.0,0.0,0.0,0.0,1.0,0.0,0.0,0.0,0.0,0.9230769230769231,0.07692307692307693,0.0,0.0,0.0,0.0,1.0,0.0,0.0,0.0,1.0205756461995639,0.09283177667225556,5.0,1.0,0.07692307692307693,0.07692307692307693,1.0,26,23,0,3,0,23,13,16,13,,,,,,,,,,,,,,0.0,-0.8137098574487026,False,26.0,0.0,True,True,-0.036824219829377024,-0.3057469293370867,False,23.0,0.0,0.023094192763750396,-0.11587063147843304,24.0,26.0,0.6748539805412292,0.3614453375339508,0.5000890493392944,1.8934435844421387,28.921321868896484,1.0,1.0,1.0
e4_free_ft,ngsim_i80,residual_idm,driver,2,1,C:\Users\Город\Downloads\research_plans\cf-stability\runs\e4_free_ft\ngsim_i80\residual_idm\driver_fold2_seed1,889b13b5e27a,none,,runs/e1/follownet_highd/residual_idm/driver_fold2_seed1,ca844bd523b4,32.0,22.0,,,early_stopping,591.2924689999927,4481,1497,0.0,11.735144244884268,4.263066914671647,3.3324577808380127,5.1765303689300515,0.8719755142787814,0.7993130683898926,0.8646341327413278,1564,0.0,32.64928946508425,4.266953362623596,3.3541412353515625,4.844158842018037,0.8807951585411111,0.8139954209327698,0.8680107042736346,,,,,1.0,0.0,0.0,0.0,0.0,0.0,0.0,1.0,0.0,0.0,0.0,0.0,1.0,0.0,0.0,0.0,0.0,0.0,1.0,0.0,0.0,0.0,1.0196462092582323,0.09283177667225556,5.0,1.0,0.0,0.0,1.0,26,21,0,5,0,21,13,16,13,,,,,,,,,,,,,,0.0,-0.8137297139793075,False,26.0,0.0,True,True,-0.03332998613678546,-0.2982391767483893,False,21.0,0.0,0.023094192763750396,-0.11587063147843304,24.0,26.0,0.6748539805412292,0.3614453375339508,0.5000890493392944,1.8934435844421387,28.921321868896484,1.0,1.0,1.0
e4_free_ft,ngsim_i80,residual_idm,driver,2,2,C:\Users\Город\Downloads\research_plans\cf-stability\runs\e4_free_ft\ngsim_i80\residual_idm\driver_fold2_seed2,d32e00724204,none,,runs/e1/follownet_highd/residual_idm/driver_fold2_seed2,72e8e449b365,21.0,11.0,,,early_stopping,405.33571110000776,4481,1497,0.0,11.734634119787248,4.26363228021579,3.311157464981079,5.195146655346192,0.8727589001158674,0.7992430925369263,0.8653582149273923,1564,0.0,32.64904790029013,4.273369222155313,3.3611098527908325,4.865267320961193,0.8820131451577482,0.8157275021076202,0.8692896279284138,,,,,1.0,0.0,0.0,0.0,0.0,0.0,0.0,1.0,0.0,0.0,0.0,0.0,1.0,0.0,0.0,0.0,0.0,0.0,1.0,0.0,0.0,0.0,1.0195124080525422,0.09283177667225556,5.0,1.0,0.0,0.0,1.0,26,21,0,5,0,21,13,16,13,,,,,,,,,,,,,,0.0,-0.8137517745445971,False,26.0,0.0,True,True,-0.035189013649544264,-0.3016103084436045,False,21.0,0.0,0.023094192763750396,-0.11587063147843304,24.0,26.0,0.6748539805412292,0.3614453375339508,0.5000890493392944,1.8934435844421387,28.921321868896484,1.0,1.0,1.0
e4_free_ft,ngsim_i80,residual_idm,driver,2,3,C:\Users\Город\Downloads\research_plans\cf-stability\runs\e4_free_ft\ngsim_i80\residual_idm\driver_fold2_seed3,0fb495f5c4dc,none,,runs/e1/follownet_highd/residual_idm/driver_fold2_seed3,9fa38bfcb03e,42.0,32.0,,,early_stopping,737.6108672000119,4481,1497,0.0,11.733960750588505,4.278950950724329,3.335618495941162,5.216632326865651,0.8739160845975679,0.801217257976532,0.8668111840045695,1564,0.0,32.64866582454123,4.287450036315052,3.369236707687378,4.886480982100931,0.8833190708437844,0.8162126541137695,0.8708131154309788,,,,,0.9230769230769231,0.07692307692307693,0.0,0.0,0.0,0.0,0.0,1.0,0.0,0.0,0.0,0.0,0.9230769230769231,0.07692307692307693,0.0,0.0,0.0,0.0,1.0,0.0,0.0,0.0,1.369942681824737,0.02,27.0,1.0,0.07692307692307693,0.07692307692307693,1.0,26,23,0,3,0,23,13,16,13,,,,,,,,,,,,,,0.0,-0.8140044030443434,False,26.0,0.0,True,True,-0.036763893559980096,-0.3094157024109111,False,23.0,0.0,0.023094192763750396,-0.11587063147843304,24.0,26.0,0.6748539805412292,0.3614453375339508,0.5000890493392944,1.8934435844421387,28.921321868896484,1.0,1.0,1.0
e4_free_ft,ngsim_i80,residual_idm,driver,2,4,C:\Users\Город\Downloads\research_plans\cf-stability\runs\e4_free_ft\ngsim_i80\residual_idm\driver_fold2_seed4,a804fe25cf62,none,,runs/e1/follownet_highd/residual_idm/driver_fold2_seed4,b717900d0dba,33.0,23.0,,,early_stopping,688.5484990999976,4481,1497,0.0,11.733852337733182,4.268363083890063,3.325779676437378,5.203655197529693,0.8719756172630256,0.799350917339325,0.8649253216952115,1564,0.0,32.64871705128272,4.291759127355598,3.368543028831482,4.886774133681079,0.8821554219783725,0.8139916658401489,0.8696324670967723,,,,,0.9230769230769231,0.07692307692307693,0.0,0.0,0.0,0.0,0.0,1.0,0.0,0.0,0.0,0.0,0.9230769230769231,0.07692307692307693,0.0,0.0,0.0,0.0,1.0,0.0,0.0,0.0,1.020496341110466,0.09283177667225556,5.0,1.0,0.07692307692307693,0.07692307692307693,1.0,26,23,0,3,0,23,13,16,13,,,,,,,,,,,,,,0.0,-0.8146195550608416,False,26.0,0.0,True,True,-0.033189347213219936,-0.301049493964304,False,23.0,0.0,0.023094192763750396,-0.11587063147843304,24.0,26.0,0.6748539805412292,0.3614453375339508,0.5000890493392944,1.8934435844421387,28.921321868896484,1.0,1.0,1.0
e4_free_ft,ngsim_i80,residual_idm,driver,3,0,C:\Users\Город\Downloads\research_plans\cf-stability\runs\e4_free_ft\ngsim_i80\residual_idm\driver_fold3_seed0,320e317801fe,none,,runs/e1/follownet_highd/residual_idm/driver_fold3_seed0,ab3184a8393b,22.0,12.0,,,early_stopping,497.13495199999306,4481,1523,0.0,14.798273036654374,4.274789246128174,3.3992326259613037,4.79570375964972,0.8724920638712784,0.8112295269966125,0.8602534058955158,1497,0.0,11.71726243882664,4.278796485347117,3.374063491821289,5.17433799083636,0.8719176400201514,0.7999635338783264,0.8646861235167322,,,,,1.0,0.0,0.0,0.0,0.0,0.0,0.0,1.0,0.0,0.0,0.0,0.0,1.0,0.0,0.0,0.0,0.0,0.0,1.0,0.0,0.0,0.0,1.019746712209685,0.09283177667225556,5.0,1.0,0.0,0.0,1.0,26,22,0,4,0,22,13,16,13,,,,,,,,,,,,,,0.0,-0.8241460763455191,False,26.0,0.0,True,True,-0.03258776677741122,-0.29238894547262395,False,22.0,0.0,0.02108003673620286,-0.11412308738515986,25.0,26.0,0.6794928312301636,0.3495345413684845,0.500145435333252,1.9383970499038696,29.18400001525879,1.0,1.0,1.0
e4_free_ft,ngsim_i80,residual_idm,driver,3,1,C:\Users\Город\Downloads\research_plans\cf-stability\runs\e4_free_ft\ngsim_i80\residual_idm\driver_fold3_seed1,35daec557111,none,,runs/e1/follownet_highd/residual_idm/driver_fold3_seed1,89e165142023,19.0,9.0,,,early_stopping,350.22060880000936,4481,1523,0.0,14.79662376620415,4.276351163165004,3.294868230819702,4.817835309670278,0.8735698289919744,0.8124463558197021,0.8607312980431077,1497,0.0,11.715358896306135,4.268911524721202,3.333310842514038,5.192010124173271,0.8727409811957964,0.8002755045890808,0.8655058250700838,,,,,0.9230769230769231,0.07692307692307693,0.0,0.0,0.0,0.0,0.0,1.0,0.0,0.0,0.0,0.0,0.9230769230769231,0.07692307692307693,0.0,0.0,0.0,0.0,1.0,0.0,0.0,0.0,1.0210112659531636,0.09283177667225556,5.0,1.0,0.07692307692307693,0.07692307692307693,1.0,26,20,0,6,0,20,13,16,13,,,,,,,,,,,,,,0.0,-0.8241629741765094,False,26.0,0.0,True,True,-0.03644374508242476,-0.30918149514745197,False,20.0,0.0,0.02108003673620286,-0.11412308738515986,25.0,26.0,0.6794928312301636,0.3495345413684845,0.500145435333252,1.9383970499038696,29.18400001525879,1.0,1.0,1.0
e4_free_ft,ngsim_i80,residual_idm,driver,3,2,C:\Users\Город\Downloads\research_plans\cf-stability\runs\e4_free_ft\ngsim_i80\residual_idm\driver_fold3_seed2,6add5a12693d,none,,runs/e1/follownet_highd/residual_idm/driver_fold3_seed2,36d1d055a965,25.0,15.0,,,early_stopping,485.9519391999929,4481,1523,0.0,14.79735903692543,4.265341453484149,3.2798876762390137,4.805733162287682,0.8731579088843816,0.811509370803833,0.8603994865299622,1497,0.0,11.716202845740284,4.275568554798762,3.3220741748809814,5.207973643186426,0.8733686375355195,0.8011875152587891,0.866775972563765,,,,,0.9230769230769231,0.07692307692307693,0.0,0.0,0.0,0.0,0.0,1.0,0.0,0.0,0.0,0.0,0.9230769230769231,0.07692307692307693,0.0,0.0,0.0,0.0,1.0,0.0,0.0,0.0,1.0208740047576454,0.09283177667225556,5.0,1.0,0.07692307692307693,0.07692307692307693,1.0,26,21,0,5,0,21,13,16,13,,,,,,,,,,,,,,0.0,-0.8241236124755948,False,26.0,0.0,True,True,-0.03670155231209713,-0.3061791238163408,False,21.0,0.0,0.02108003673620286,-0.11412308738515986,25.0,26.0,0.6794928312301636,0.3495345413684845,0.500145435333252,1.9383970499038696,29.18400001525879,1.0,1.0,1.0
e4_free_ft,ngsim_i80,residual_idm,driver,3,3,C:\Users\Город\Downloads\research_plans\cf-stability\runs\e4_free_ft\ngsim_i80\residual_idm\driver_fold3_seed3,eb8fcf2838a4,none,,runs/e1/follownet_highd/residual_idm/driver_fold3_seed3,9f76373e2e69,33.0,23.0,,,early_stopping,615.923718200007,4481,1523,0.0,14.798073699821707,4.272360612805236,3.3970673084259033,4.775615819022969,0.872664568421094,0.8097828030586243,0.8599538453243503,1497,0.0,11.71705131369531,4.303021477892467,3.389333724975586,5.20488400404806,0.8735213136187218,0.8004345893859863,0.8672202492229789,,,,,1.0,0.0,0.0,0.0,0.0,0.0,0.0,1.0,0.0,0.0,0.0,0.0,1.0,0.0,0.0,0.0,0.0,0.0,1.0,0.0,0.0,0.0,1.0178699735035908,0.09283177667225556,5.0,1.0,0.0,0.0,1.0,26,19,0,7,0,19,13,16,13,,,,,,,,,,,,,,0.0,-0.824152195202282,False,26.0,0.0,True,True,-0.03214272441997915,-0.2975476938042847,False,19.0,0.0,0.02108003673620286,-0.11412308738515986,25.0,26.0,0.6794928312301636,0.3495345413684845,0.500145435333252,1.9383970499038696,29.18400001525879,1.0,1.0,1.0
e4_free_ft,ngsim_i80,residual_idm,driver,3,4,C:\Users\Город\Downloads\research_plans\cf-stability\runs\e4_free_ft\ngsim_i80\residual_idm\driver_fold3_seed4,6bb9b86ee489,none,,runs/e1/follownet_highd/residual_idm/driver_fold3_seed4,885f425b7fe3,61.0,51.0,,,early_stopping,1461.8802678999928,4481,1523,0.0,14.796881081202814,4.258357212260532,3.380840301513672,4.77559702727407,0.8713564560433712,0.8093878030776978,0.8588827994128817,1497,0.0,11.715684218888592,4.2789194123619145,3.349290370941162,5.185429925721522,0.8714644418968387,0.8004730343818665,0.8647275211761655,,,,,1.0,0.0,0.0,0.0,0.0,0.0,0.0,1.0,0.0,0.0,0.0,0.0,1.0,0.0,0.0,0.0,0.0,0.0,1.0,0.0,0.0,0.0,1.0199296070335275,0.09283177667225556,5.0,1.0,0.0,0.0,1.0,26,21,1,5,0,21,13,16,13,,,,,,,,,,,,,,0.0,-0.8241258628377875,False,26.0,0.0,True,True,-0.030206162851118615,-0.29749922366636466,False,21.0,0.0,0.02108003673620286,-0.11412308738515986,25.0,26.0,0.6794928312301636,0.3495345413684845,0.500145435333252,1.9383970499038696,29.18400001525879,1.0,1.0,1.0
e4_free_ft,ngsim_i80,residual_idm,driver,4,0,C:\Users\Город\Downloads\research_plans\cf-stability\runs\e4_free_ft\ngsim_i80\residual_idm\driver_fold4_seed0,a639d99d1f09,none,,runs/e1/follownet_highd/residual_idm/driver_fold4_seed0,214832f74f5b,14.0,4.0,,,early_stopping,322.4338923000032,4481,1501,0.0,20.16144552467636,4.269557052934114,3.3471310138702393,4.851926529814392,0.8698922492598471,0.8142688870429993,0.8480252904390353,1523,0.0,14.64691696700722,4.295072265502582,3.325673818588257,4.825770452332615,0.8754964814578242,0.8154224753379822,0.8628695574432104,,,,,1.0,0.0,0.0,0.0,0.0,0.0,0.0,1.0,0.0,0.0,0.0,0.0,1.0,0.0,0.0,0.0,0.0,0.0,1.0,0.0,0.0,0.0,1.019720059670826,0.11246826503806984,5.0,1.0,0.0,0.0,1.0,26,23,0,3,0,23,13,16,13,,,,,,,,,,,,,,0.0,-0.876275672409209,False,26.0,0.0,True,True,-0.04023354581886292,-0.3155050102891466,False,23.0,0.0,0.019000365608358508,-0.11599663528573431,25.0,26.0,0.6594720482826233,0.33018583059310913,0.5001763105392456,1.9918951988220215,29.6630916595459,1.0,1.0,1.0
e4_free_ft,ngsim_i80,residual_idm,driver,4,1,C:\Users\Город\Downloads\research_plans\cf-stability\runs\e4_free_ft\ngsim_i80\residual_idm\driver_fold4_seed1,79d09738d581,none,,runs/e1/follownet_highd/residual_idm/driver_fold4_seed1,c3f59aa5e9a7,22.0,12.0,,,early_stopping,451.3499424000038,4481,1501,0.0,20.16191953392734,4.235802617611526,3.3408992290496826,4.793228953668772,0.8669277925359496,0.8096196055412292,0.84421230487,1523,0.0,14.647652944042921,4.255796381715717,3.322596788406372,4.77633583270065,0.8718259601669724,0.8103245496749878,0.8592511765882375,,,,,1.0,0.0,0.0,0.0,0.0,0.0,0.0,1.0,0.0,0.0,0.0,0.0,1.0,0.0,0.0,0.0,0.0,0.0,1.0,0.0,0.0,0.0,1.019717165330046,0.09283177667225556,5.0,1.0,0.0,0.0,1.0,26,22,0,4,0,22,13,16,13,,,,,,,,,,,,,,0.0,-0.8762827879774676,False,26.0,0.0,True,True,-0.0323942968316196,-0.3030131743927357,False,22.0,0.0,0.019000365608358508,-0.11599663528573431,25.0,26.0,0.6594720482826233,0.33018583059310913,0.5001763105392456,1.9918951988220215,29.6630916595459,1.0,1.0,1.0
e4_free_ft,ngsim_i80,residual_idm,driver,4,2,C:\Users\Город\Downloads\research_plans\cf-stability\runs\e4_free_ft\ngsim_i80\residual_idm\driver_fold4_seed2,e28458bf6fc8,none,,runs/e1/follownet_highd/residual_idm/driver_fold4_seed2,eceb175c6a64,19.0,9.0,,,early_stopping,366.37062980000337,4481,1501,0.0,20.16247220506383,4.244776946516692,3.3585405349731445,4.796838955746386,0.867552309136324,0.8088825941085815,0.8449115350330725,1523,0.0,14.648293060750678,4.26072183026347,3.353179693222046,4.772238992314008,0.872015633594027,0.8090848326683044,0.859690182113911,,,,,0.9230769230769231,0.07692307692307693,0.0,0.0,0.0,0.0,0.0,1.0,0.0,0.0,0.0,0.0,0.9230769230769231,0.07692307692307693,0.0,0.0,0.0,0.0,1.0,0.0,0.0,0.0,1.0212997546626872,0.09283177667225556,5.0,1.0,0.07692307692307693,0.07692307692307693,1.0,26,20,0,6,0,20,13,16,13,,,,,,,,,,,,,,0.0,-0.8762839905852254,False,26.0,0.0,True,True,-0.03540357116993958,-0.2991247654945136,False,20.0,0.0,0.019000365608358508,-0.11599663528573431,25.0,26.0,0.6594720482826233,0.33018583059310913,0.5001763105392456,1.9918951988220215,29.6630916595459,1.0,1.0,1.0
e4_free_ft,ngsim_i80,residual_idm,driver,4,3,C:\Users\Город\Downloads\research_plans\cf-stability\runs\e4_free_ft\ngsim_i80\residual_idm\driver_fold4_seed3,4cb93f55dd1d,none,,runs/e1/follownet_highd/residual_idm/driver_fold4_seed3,123c4ac2b8df,33.0,23.0,,,early_stopping,681.0248642000079,4481,1501,0.0,20.161958018540442,4.240654487319186,3.347614288330078,4.79174353535813,0.8676213750157811,0.8100898265838623,0.8444384032777945,1523,0.0,14.647742688599692,4.258903452932091,3.350026845932007,4.765945156766212,0.8717369486138137,0.8093352317810059,0.8590636439527961,,,,,1.0,0.0,0.0,0.0,0.0,0.0,0.0,1.0,0.0,0.0,0.0,0.0,1.0,0.0,0.0,0.0,0.0,0.0,1.0,0.0,0.0,0.0,1.017954498033362,0.09283177667225556,5.0,1.0,0.0,0.0,1.0,26,20,0,6,0,20,13,16,13,,,,,,,,,,,,,,0.0,-0.876278599476748,False,26.0,0.0,True,True,-0.030351117651127114,-0.3009890077662959,False,20.0,0.0,0.019000365608358508,-0.11599663528573431,25.0,26.0,0.6594720482826233,0.33018583059310913,0.5001763105392456,1.9918951988220215,29.6630916595459,1.0,1.0,1.0
e4_free_ft,ngsim_i80,residual_idm,driver,4,4,C:\Users\Город\Downloads\research_plans\cf-stability\runs\e4_free_ft\ngsim_i80\residual_idm\driver_fold4_seed4,28e7bbaf8891,none,,runs/e1/follownet_highd/residual_idm/driver_fold4_seed4,2890d4a17f7a,18.0,8.0,,,early_stopping,473.4867632000096,4481,1501,0.0,20.161518784390545,4.244277231380353,3.372553586959839,4.792269506766725,0.8662497437174999,0.8067546486854553,0.8438021512345423,1523,0.0,14.647061147699397,4.262097177326249,3.3614914417266846,4.762321563840767,0.8710943120761052,0.8082115054130554,0.858795008267939,,,,,1.0,0.0,0.0,0.0,0.0,0.0,0.0,1.0,0.0,0.0,0.0,0.0,1.0,0.0,0.0,0.0,0.0,0.0,1.0,0.0,0.0,0.0,1.0182787177775856,0.09283177667225556,5.0,1.0,0.0,0.0,1.0,26,21,0,5,0,21,13,16,13,,,,,,,,,,,,,,0.0,-0.8763024006795977,False,26.0,0.0,True,True,-0.030927736103601756,-0.29561412675676146,False,21.0,0.0,0.019000365608358508,-0.11599663528573431,25.0,26.0,0.6594720482826233,0.33018583059310913,0.5001763105392456,1.9918951988220215,29.6630916595459,1.0,1.0,1.0
e4_stable_ft,ngsim_i80,residual_idm,driver,0,0,C:\Users\Город\Downloads\research_plans\cf-stability\runs\e4_stable_ft\ngsim_i80\residual_idm\driver_fold0_seed0,0a6e95af9b06,none,,runs/e4_stable/follownet_highd/residual_idm/driver_fold0_seed0,cc3a8e7e921b,100.0,100.0,,,max_epochs,2130.582320699992,4481,1566,0.0,14.339761525098591,4.940877867955358,3.5266982316970825,5.940638714206464,0.9833353129839989,0.8921471238136292,0.9638067062476666,1501,0.0,30.735500816328514,4.916183037133633,3.5076792240142822,5.795832276385596,0.9677977846472522,0.8806721568107605,0.9406845233308182,,,,,1.0,0.0,0.0,0.0,0.0,0.0,1.0,0.0,0.0,0.0,0.0,0.0,1.0,0.0,0.0,0.0,0.0,1.0,0.0,0.0,0.0,0.0,0.9997904586110974,0.02,5.0,1.0,1.0,0.0,0.0,26,26,0,0,0,26,14,16,14,,,,,,,,,,,,,,0.11764561212052942,0.010679916479940488,True,26.0,26.0,True,True,0.07441304324701681,0.010679973816970723,True,26.0,26.0,0.2284371731257423,0.20000302034326378,26.0,26.0,0.9788587093353271,1.5670632123947144,0.5000092387199402,3.193310499191284,35.213199615478516,0.3348684471967966,0.10046053415903898,0.3
e4_stable_ft,ngsim_i80,residual_idm,driver,0,1,C:\Users\Город\Downloads\research_plans\cf-stability\runs\e4_stable_ft\ngsim_i80\residual_idm\driver_fold0_seed1,1145586173ce,none,,runs/e4_stable/follownet_highd/residual_idm/driver_fold0_seed1,bd7f79a7c1ff,100.0,97.0,,,max_epochs,1955.7357189000031,4481,1566,0.0,14.339761526761189,4.940877856765214,3.5266982316970825,5.940638696618128,0.9833353141829428,0.8921470940113068,0.963806706018119,1501,0.0,30.735500817132333,4.916183042335637,3.5076792240142822,5.7958322825793465,0.9677977843494275,0.8806722164154053,0.940684522625648,,,,,1.0,0.0,0.0,0.0,0.0,0.0,1.0,0.0,0.0,0.0,0.0,0.0,1.0,0.0,0.0,0.0,0.0,1.0,0.0,0.0,0.0,0.0,0.9997904586243438,0.02,5.0,1.0,1.0,0.0,0.0,26,26,0,0,0,26,14,16,14,,,,,,,,,,,,,,0.11766079600103341,0.007384326269071817,True,26.0,26.0,True,True,0.07441303611827044,0.0073843798754067436,True,26.0,26.0,0.2284371731257423,0.20000302034326378,26.0,26.0,0.9788587093353271,1.5670632123947144,0.5000092387199402,3.193310499191284,35.213199615478516,0.35255327325628805,0.10576598197688641,0.3
e4_stable_ft,ngsim_i80,residual_idm,driver,0,2,C:\Users\Город\Downloads\research_plans\cf-stability\runs\e4_stable_ft\ngsim_i80\residual_idm\driver_fold0_seed2,d4e51f545fec,none,,runs/e4_stable/follownet_highd/residual_idm/driver_fold0_seed2,c2c93c0d18b3,100.0,100.0,,,max_epochs,1963.5376596999995,4481,1566,0.0,14.339761526540023,4.940877851284327,3.5266982316970825,5.940638694106685,0.9833353138023258,0.8921470940113068,0.9638067056457689,1501,0.0,30.735500817013932,4.916183042097377,3.5076792240142822,5.795832281813872,0.9677977845281224,0.8806721568107605,0.9406845227143156,,,,,1.0,0.0,0.0,0.0,0.0,0.0,1.0,0.0,0.0,0.0,0.0,0.0,1.0,0.0,0.0,0.0,0.0,1.0,0.0,0.0,0.0,0.0,0.9997904586148778,0.02,5.0,1.0,1.0,0.0,0.0,26,26,0,0,0,26,14,16,14,,,,,,,,,,,,,,0.11755444671272895,0.009309329621329576,True,26.0,26.0,True,True,0.07441303956450862,0.00930938334699627,True,26.0,26.0,0.2284371731257423,0.20000302034326378,26.0,26.0,0.9788587093353271,1.5670632123947144,0.5000092387199402,3.193310499191284,35.213199615478516,0.3419351996607227,0.10258055989821681,0.3
e4_stable_ft,ngsim_i80,residual_idm,driver,0,3,C:\Users\Город\Downloads\research_plans\cf-stability\runs\e4_stable_ft\ngsim_i80\residual_idm\driver_fold0_seed3,9685d22a1800,none,,runs/e4_stable/follownet_highd/residual_idm/driver_fold0_seed3,778a1e913f72,100.0,99.0,,,max_epochs,1927.1614831999905,4481,1566,0.0,14.339761526250784,4.94087785048503,3.5266982316970825,5.940638698306482,0.9833353131362457,0.8921470940113068,0.9638067051394642,1501,0.0,30.735500816871756,4.91618303947652,3.5076792240142822,5.795832274448076,0.9677977851634817,0.8806721568107605,0.9406845229067887,,,,,1.0,0.0,0.0,0.0,0.0,0.0,1.0,0.0,0.0,0.0,0.0,0.0,1.0,0.0,0.0,0.0,0.0,1.0,0.0,0.0,0.0,0.0,0.9997904586160813,0.02,5.0,1.0,1.0,0.0,0.0,26,26,0,0,0,26,14,16,14,,,,,,,,,,,,,,0.11765679189945678,0.009132722477315891,True,26.0,26.0,True,True,0.07441303979476244,0.009132777320432495,True,26.0,26.0,0.2284371731257423,0.20000302034326378,26.0,26.0,0.9788587093353271,1.5670632123947144,0.5000092387199402,3.193310499191284,35.213199615478516,0.34317815596215484,0.10295344678864644,0.3
e4_stable_ft,ngsim_i80,residual_idm,driver,0,4,C:\Users\Город\Downloads\research_plans\cf-stability\runs\e4_stable_ft\ngsim_i80\residual_idm\driver_fold0_seed4,b91348e7915f,none,,runs/e4_stable/follownet_highd/residual_idm/driver_fold0_seed4,d53c334d0e21,100.0,98.0,,,max_epochs,1903.9610685999942,4481,1566,0.0,14.339761527630177,4.94087785356803,3.5266982316970825,5.940638688178447,0.9833353116708697,0.8921470940113068,0.9638067030467476,1501,0.0,30.735500817529843,4.916183039079421,3.5076792240142822,5.7958322647290315,0.9677977810733561,0.8806722164154053,0.9406845192709367,,,,,1.0,0.0,0.0,0.0,0.0,0.0,1.0,0.0,0.0,0.0,0.0,0.0,1.0,0.0,0.0,0.0,0.0,1.0,0.0,0.0,0.0,0.0,0.9997904586291774,0.02,5.0,1.0,1.0,0.0,0.0,26,26,0,0,0,26,14,16,14,,,,,,,,,,,,,,0.11766079090009025,0.007699885507252313,True,26.0,26.0,True,True,0.07441303190288828,0.007699935414285042,True,26.0,26.0,0.2284371731257423,0.20000302034326378,26.0,26.0,0.9788587093353271,1.5670632123947144,0.5000092387199402,3.193310499191284,35.213199615478516,0.350862610409513,0.1052587831228539,0.3
e4_stable_ft,ngsim_i80,residual_idm,driver,1,0,C:\Users\Город\Downloads\research_plans\cf-stability\runs\e4_stable_ft\ngsim_i80\residual_idm\driver_fold1_seed0,322a9bc212ff,none,,runs/e4_stable/follownet_highd/residual_idm/driver_fold1_seed0,f4364288ab29,100.0,99.0,,,max_epochs,2023.7067315999884,4481,1564,0.0,46.53345891309386,4.891906336102339,3.447845458984375,5.724198869465618,0.9803829534965403,0.8866986036300659,0.9603832369952948,1566,0.0,14.596610703229187,4.930547552528204,3.524661421775818,5.918701709995109,0.9830033845752287,0.8910563290119171,0.9633071110859761,,,,,1.0,0.0,0.0,0.0,0.0,0.0,1.0,0.0,0.0,0.0,0.0,0.0,1.0,0.0,0.0,0.0,0.0,1.0,0.0,0.0,0.0,0.0,0.9997866717947599,0.02,5.0,1.0,1.0,0.0,0.0,26,26,0,0,0,26,14,16,14,,,,,,,,,,,,,,0.1189994528849245,0.010805755615107882,True,26.0,26.0,True,True,0.07525102807146411,0.010805819664810534,True,26.0,26.0,0.22848454738302293,0.20000596707934332,26.0,26.0,0.9873303771018982,1.5770609378814697,0.5000016689300537,3.2530648708343506,35.14104461669922,0.33868041542902283,0.10160412462870684,0.3
e4_stable_ft,ngsim_i80,residual_idm,driver,1,1,C:\Users\Город\Downloads\research_plans\cf-stability\runs\e4_stable_ft\ngsim_i80\residual_idm\driver_fold1_seed1,bcd391d0f405,none,,runs/e4_stable/follownet_highd/residual_idm/driver_fold1_seed1,fb54d72ea927,100.0,100.0,,,max_epochs,1968.7312614999973,4481,1564,0.0,46.53345891361068,4.891906355119422,3.447845458984375,5.724198871216104,0.9803829494568393,0.8866985440254211,0.960383234056585,1566,0.0,14.596610704919414,4.930547532736114,3.524661421775818,5.918701655948755,0.9830033840613955,0.8910563290119171,0.9633071099875433,,,,,1.0,0.0,0.0,0.0,0.0,0.0,1.0,0.0,0.0,0.0,0.0,0.0,1.0,0.0,0.0,0.0,0.0,1.0,0.0,0.0,0.0,0.0,0.9997866718215119,0.02,5.0,1.0,1.0,0.0,0.0,26,26,0,0,0,26,14,16,14,,,,,,,,,,,,,,0.11897936263077818,0.007454229213516905,True,26.0,26.0,True,True,0.07525101094494824,0.007454281813167318,True,26.0,26.0,0.22848454738302293,0.20000596707934332,26.0,26.0,0.9873303771018982,1.5770609378814697,0.5000016689300537,3.2530648708343506,35.14104461669922,0.3565665563502027,0.1069699669050608,0.3
e4_stable_ft,ngsim_i80,residual_idm,driver,1,2,C:\Users\Город\Downloads\research_plans\cf-stability\runs\e4_stable_ft\ngsim_i80\residual_idm\driver_fold1_seed2,47bb7247515b,none,,runs/e4_stable/follownet_highd/residual_idm/driver_fold1_seed2,dfa3e993450f,100.0,100.0,,,max_epochs,1966.4115969000122,4481,1564,0.0,46.53345891363627,4.891906336445333,3.447845458984375,5.72419884437965,0.9803829496473913,0.8866985440254211,0.9603832345325711,1566,0.0,14.596610705007887,4.930547535628803,3.524661421775818,5.918701657965766,0.9830033838330253,0.8910563290119171,0.9633071092496853,,,,,1.0,0.0,0.0,0.0,0.0,0.0,1.0,0.0,0.0,0.0,0.0,0.0,1.0,0.0,0.0,0.0,0.0,1.0,0.0,0.0,0.0,0.0,0.9997866718160815,0.02,5.0,1.0,1.0,0.0,0.0,26,26,0,0,0,26,14,16,14,,,,,,,,,,,,,,0.11898767091799603,0.00946383804063644,True,26.0,26.0,True,True,0.07525101233966858,0.009463889909447687,True,26.0,26.0,0.22848454738302293,0.20000596707934332,26.0,26.0,0.9873303771018982,1.5770609378814697,0.5000016689300537,3.2530648708343506,35.14104461669922,0.34582761212746255,0.10374828363823876,0.3
e4_stable_ft,ngsim_i80,residual_idm,driver,1,3,C:\Users\Город\Downloads\research_plans\cf-stability\runs\e4_stable_ft\ngsim_i80\residual_idm\driver_fold1_seed3,24eb481a99b0,none,,runs/e4_stable/follownet_highd/residual_idm/driver_fold1_seed3,280fb30b97d9,100.0,97.0,,,max_epochs,1971.8674383000034,4481,1564,0.0,46.53345891308848,4.891906340523144,3.447845458984375,5.724198875776769,0.9803829538014234,0.8866986036300659,0.9603832374640989,1566,0.0,14.596610703213218,4.9305475528326985,3.524661421775818,5.918701709968853,0.9830033847084447,0.8910563290119171,0.9633071111617646,,,,,1.0,0.0,0.0,0.0,0.0,0.0,1.0,0.0,0.0,0.0,0.0,0.0,1.0,0.0,0.0,0.0,0.0,1.0,0.0,0.0,0.0,0.0,0.999786671800499,0.02,5.0,1.0,1.0,0.0,0.0,26,26,0,0,0,26,14,16,14,,,,,,,,,,,,,,0.11891805810357552,0.009191068664941793,True,26.0,26.0,True,True,0.07525102637252612,0.009191133099395565,True,26.0,26.0,0.22848454738302293,0.20000596707934332,26.0,26.0,0.9873303771018982,1.5770609378814697,0.5000016689300537,3.2530648708343506,35.14104461669922,0.3470847175969479,0.10412541527908438,0.3
e4_stable_ft,ngsim_i80,residual_idm,driver,1,4,C:\Users\Город\Downloads\research_plans\cf-stability\runs\e4_stable_ft\ngsim_i80\residual_idm\driver_fold1_seed4,9e9080e359e7,none,,runs/e4_stable/follownet_highd/residual_idm/driver_fold1_seed4,67a408d72eb4,100.0,99.0,,,max_epochs,1893.0420638000069,4481,1564,0.0,46.533458913104994,4.891906346849469,3.447845458984375,5.724198877913143,0.9803829544111896,0.8866986036300659,0.9603832386959913,1566,0.0,14.596610703278191,4.930547553365562,3.524661421775818,5.918701712299772,0.9830033854316174,0.8910563588142395,0.9633071115503858,,,,,1.0,0.0,0.0,0.0,0.0,0.0,1.0,0.0,0.0,0.0,0.0,0.0,1.0,0.0,0.0,0.0,0.0,1.0,0.0,0.0,0.0,0.0,0.999786671795475,0.02,5.0,1.0,1.0,0.0,0.0,26,26,0,0,0,26,14,16,14,,,,,,,,,,,,,,0.11898147536454659,0.00777451404648033,True,26.0,26.0,True,True,0.07525102832936592,0.007774578370123297,True,26.0,26.0,0.22848454738302293,0.20000596707934332,26.0,26.0,0.9873303771018982,1.5770609378814697,0.5000016689300537,3.2530648708343506,35.14104461669922,0.35485664787692195,0.10645699436307658,0.3
e4_stable_ft,ngsim_i80,residual_idm,driver,2,0,C:\Users\Город\Downloads\research_plans\cf-stability\runs\e4_stable_ft\ngsim_i80\residual_idm\driver_fold2_seed0,e5603c130eeb,none,,runs/e4_stable/follownet_highd/residual_idm/driver_fold2_seed0,c52ebf6349e1,100.0,100.0,,,max_epochs,1609.1682169999985,4481,1497,0.0,20.222085508011144,4.852100601814234,3.4630258083343506,5.953840548342607,0.9638297052564984,0.8700248599052429,0.9470422760813185,1564,0.0,46.531536590825155,4.891769760176349,3.447650671005249,5.7240878976659095,0.9803575560679216,0.8866988122463226,0.9603574931079883,,,,,1.0,0.0,0.0,0.0,0.0,0.0,1.0,0.0,0.0,0.0,0.0,0.0,1.0,0.0,0.0,0.0,0.0,1.0,0.0,0.0,0.0,0.0,0.999786288151129,0.02,5.0,1.0,1.0,0.0,0.0,26,26,0,0,0,26,13,16,13,,,,,,,,,,,,,,0.11921974156525668,0.010826259784314396,True,26.0,26.0,True,True,0.07539436307047398,0.010826318372270993,True,26.0,26.0,0.22858461571383848,0.20001389424882432,26.0,26.0,0.9875276684761047,1.5769108533859253,0.5000206232070923,3.251380443572998,35.151615142822266,0.33930593129280756,0.10179177938784227,0.3
e4_stable_ft,ngsim_i80,residual_idm,driver,2,1,C:\Users\Город\Downloads\research_plans\cf-stability\runs\e4_stable_ft\ngsim_i80\residual_idm\driver_fold2_seed1,aa2a73bc9905,none,,runs/e4_stable/follownet_highd/residual_idm/driver_fold2_seed1,54f04bfbde9b,100.0,95.0,,,max_epochs,2002.8334915000014,4481,1497,0.0,20.222085508232276,4.852100601973499,3.4630258083343506,5.953840586099361,0.9638297122840334,0.8700248599052429,0.9470422849487496,1564,0.0,46.531536590918385,4.891769779231542,3.447650671005249,5.724087912112473,0.9803575586975383,0.8866988122463226,0.9603574944548474,,,,,1.0,0.0,0.0,0.0,0.0,0.0,1.0,0.0,0.0,0.0,0.0,0.0,1.0,0.0,0.0,0.0,0.0,1.0,0.0,0.0,0.0,0.0,0.9997862881403317,0.02,5.0,1.0,1.0,0.0,0.0,26,26,0,0,0,26,13,16,13,,,,,,,,,,,,,,0.11920938573452794,0.0074739223617795725,True,26.0,26.0,True,True,0.07539437256628068,0.007473988878651916,True,26.0,26.0,0.22858461571383848,0.20001389424882432,26.0,26.0,0.9875276684761047,1.5769108533859253,0.5000206232070923,3.251380443572998,35.151615142822266,0.3572251064975728,0.10716753194927182,0.3
e4_stable_ft,ngsim_i80,residual_idm,driver,2,2,C:\Users\Город\Downloads\research_plans\cf-stability\runs\e4_stable_ft\ngsim_i80\residual_idm\driver_fold2_seed2,f72bc0c9bb24,none,,runs/e4_stable/follownet_highd/residual_idm/driver_fold2_seed2,f5e34bdc32de,100.0,99.0,,,max_epochs,1966.6942328000005,4481,1497,0.0,20.222085508305636,4.852100609936711,3.4630258083343506,5.953840599762189,0.9638297136975036,0.8700248599052429,0.9470422859315746,1564,0.0,46.53153659095285,4.891769790474107,3.447650671005249,5.724087921193764,0.9803575572112332,0.8866988122463226,0.9603574935143353,,,,,1.0,0.0,0.0,0.0,0.0,0.0,1.0,0.0,0.0,0.0,0.0,0.0,1.0,0.0,0.0,0.0,0.0,1.0,0.0,0.0,0.0,0.0,0.999786288130181,0.02,5.0,1.0,1.0,0.0,0.0,26,26,0,0,0,26,13,16,13,,,,,,,,,,,,,,0.11921389157528324,0.009485060685080704,True,26.0,26.0,True,True,0.07539437829679263,0.00948513033400844,True,26.0,26.0,0.22858461571383848,0.20001389424882432,26.0,26.0,0.9875276684761047,1.5769108533859253,0.5000206232070923,3.251380443572998,35.151615142822266,0.34646632829664675,0.10393989848899403,0.3
e4_stable_ft,ngsim_i80,residual_idm,driver,2,3,C:\Users\Город\Downloads\research_plans\cf-stability\runs\e4_stable_ft\ngsim_i80\residual_idm\driver_fold2_seed3,8d01f1c10629,none,,runs/e4_stable/follownet_highd/residual_idm/driver_fold2_seed3,75569f6d1e1b,100.0,100.0,,,max_epochs,2028.2271101000078,4481,1497,0.0,20.222085510611112,4.852100587679533,3.4630274772644043,5.953840514895662,0.9638296983484117,0.8700248599052429,0.9470422700211691,1564,0.0,46.53153659194542,4.891769733117974,3.447650671005249,5.724087808053358,0.9803575552104379,0.886698842048645,0.9603574931649071,,,,,1.0,0.0,0.0,0.0,0.0,0.0,1.0,0.0,0.0,0.0,0.0,0.0,1.0,0.0,0.0,0.0,0.0,1.0,0.0,0.0,0.0,0.0,0.9997862881727709,0.02,5.0,1.0,1.0,0.0,0.0,26,26,0,0,0,26,13,16,13,,,,,,,,,,,,,,0.1192197829884746,0.00925302189283772,True,26.0,26.0,True,True,0.07539434872078865,0.009253070749016268,True,26.0,26.0,0.22858461571383848,0.20001389424882432,26.0,26.0,0.9875276684761047,1.5769108533859253,0.5000206232070923,3.251380443572998,35.151615142822266,0.34772575554022284,0.10431772666206685,0.3
e4_stable_ft,ngsim_i80,residual_idm,driver,2,4,C:\Users\Город\Downloads\research_plans\cf-stability\runs\e4_stable_ft\ngsim_i80\residual_idm\driver_fold2_seed4,1902cb967a98,none,,runs/e4_stable/follownet_highd/residual_idm/driver_fold2_seed4,23eb6f6941f0,100.0,99.0,,,max_epochs,1909.1896585000068,4481,1497,0.0,20.22208551033758,4.852100585529465,3.4630274772644043,5.953840515686078,0.9638297002197665,0.8700248599052429,0.9470422712662244,1564,0.0,46.531536591835575,4.891769737310117,3.447650671005249,5.724087809958079,0.9803575562394183,0.886698842048645,0.9603574938726678,,,,,1.0,0.0,0.0,0.0,0.0,0.0,1.0,0.0,0.0,0.0,0.0,0.0,1.0,0.0,0.0,0.0,0.0,1.0,0.0,0.0,0.0,0.0,0.9997862881722264,0.02,5.0,1.0,1.0,0.0,0.0,26,26,0,0,0,26,13,16,13,,,,,,,,,,,,,,0.1192147918713974,0.0077966117264993695,True,26.0,26.0,True,True,0.07539434932897104,0.007796660968194868,True,26.0,26.0,0.22858461571383848,0.20001389424882432,26.0,26.0,0.9875276684761047,1.5769108533859253,0.5000206232070923,3.251380443572998,35.151615142822266,0.35551203995896863,0.10665361198769059,0.3
e4_stable_ft,ngsim_i80,residual_idm,driver,3,0,C:\Users\Город\Downloads\research_plans\cf-stability\runs\e4_stable_ft\ngsim_i80\residual_idm\driver_fold3_seed0,c3c8baa27eb0,none,,runs/e4_stable/follownet_highd/residual_idm/driver_fold3_seed0,879c74af3736,100.0,99.0,,,max_epochs,1704.0651481999957,4481,1523,0.0,24.59433129968943,4.842783209687381,3.4850146770477295,5.627317617068665,0.9696948050435092,0.8782232999801636,0.9470528018646391,1497,0.0,20.34410850807794,4.849288291865854,3.460460662841797,5.944120724927748,0.9636039628772315,0.869206964969635,0.9467200517985407,,,,,1.0,0.0,0.0,0.0,0.0,0.0,1.0,0.0,0.0,0.0,0.0,0.0,1.0,0.0,0.0,0.0,0.0,1.0,0.0,0.0,0.0,0.0,0.9997835019369212,0.02,5.0,1.0,1.0,0.0,0.0,26,26,0,0,0,26,13,16,13,,,,,,,,,,,,,,0.12023031401310004,0.010904268016631802,True,26.0,26.0,True,True,0.07602592558797383,0.010904336135774795,True,26.0,26.0,0.22862476645256347,0.20000079055743214,26.0,26.0,0.9923809766769409,1.5805469751358032,0.5000129342079163,3.2756454944610596,35.17245101928711,0.3422405252524729,0.10267215757574187,0.3
e4_stable_ft,ngsim_i80,residual_idm,driver,3,1,C:\Users\Город\Downloads\research_plans\cf-stability\runs\e4_stable_ft\ngsim_i80\residual_idm\driver_fold3_seed1,d62ba485c414,none,,runs/e4_stable/follownet_highd/residual_idm/driver_fold3_seed1,2e643fc2e23c,100.0,100.0,,,max_epochs,1964.0053905999957,4481,1523,0.0,24.594331300516416,4.842783190549712,3.4850146770477295,5.62731753555391,0.9696947985077405,0.8782232403755188,0.9470527967002714,1497,0.0,20.34410850905804,4.849288307433934,3.460460662841797,5.944120696548754,0.9636039586368209,0.869206964969635,0.9467200485431654,,,,,1.0,0.0,0.0,0.0,0.0,0.0,1.0,0.0,0.0,0.0,0.0,0.0,1.0,0.0,0.0,0.0,0.0,1.0,0.0,0.0,0.0,0.0,0.9997835019663893,0.02,5.0,1.0,1.0,0.0,0.0,26,26,0,0,0,26,13,16,13,,,,,,,,,,,,,,0.12024046024981687,0.007535281846171471,True,26.0,26.0,True,True,0.07602590475819504,0.007535334262513849,True,26.0,26.0,0.22862476645256347,0.20000079055743214,26.0,26.0,0.9923809766769409,1.5805469751358032,0.5000129342079163,3.2756454944610596,35.17245101928711,0.3603146800743575,0.10809440402230726,0.3
e4_stable_ft,ngsim_i80,residual_idm,driver,3,2,C:\Users\Город\Downloads\research_plans\cf-stability\runs\e4_stable_ft\ngsim_i80\residual_idm\driver_fold3_seed2,ae54d8259dbd,none,,runs/e4_stable/follownet_highd/residual_idm/driver_fold3_seed2,bb10d4dcee59,100.0,98.0,,,max_epochs,1997.3923680000007,4481,1523,0.0,24.59433129811733,4.842783218101695,3.4850146770477295,5.627317645634834,0.9696948085657797,0.8782232999801636,0.9470528063741767,1497,0.0,20.344108506426913,4.84928834438324,3.460460662841797,5.944120800845746,0.9636039720349258,0.8692070245742798,0.9467200581267475,,,,,1.0,0.0,0.0,0.0,0.0,0.0,1.0,0.0,0.0,0.0,0.0,0.0,1.0,0.0,0.0,0.0,0.0,1.0,0.0,0.0,0.0,0.0,0.9997835019221744,0.02,5.0,1.0,1.0,0.0,0.0,26,26,0,0,0,26,13,16,13,,,,,,,,,,,,,,0.12022757009853938,0.009553509068208177,True,26.0,26.0,True,True,0.07602593837080596,0.0095535881416704,True,26.0,26.0,0.22862476645256347,0.20000079055743214,26.0,26.0,0.9923809766769409,1.5805469751358032,0.5000129342079163,3.2756454944610596,35.17245101928711,0.34946285119965886,0.10483885535989766,0.3
e4_stable_ft,ngsim_i80,residual_idm,driver,3,3,C:\Users\Город\Downloads\research_plans\cf-stability\runs\e4_stable_ft\ngsim_i80\residual_idm\driver_fold3_seed3,6ac24a969ff9,none,,runs/e4_stable/follownet_highd/residual_idm/driver_fold3_seed3,7a97ddc9af5b,100.0,100.0,,,max_epochs,1948.1756962999934,4481,1523,0.0,24.59433130007356,4.84278319227171,3.4850146770477295,5.627317537606469,0.9696948008363527,0.8782232403755188,0.9470527995863052,1497,0.0,20.34410850854345,4.849288303770857,3.460460662841797,5.94412069564136,0.9636039582386603,0.869206964969635,0.9467200475646292,,,,,1.0,0.0,0.0,0.0,0.0,0.0,1.0,0.0,0.0,0.0,0.0,0.0,1.0,0.0,0.0,0.0,0.0,1.0,0.0,0.0,0.0,0.0,0.9997835019693797,0.02,5.0,1.0,1.0,0.0,0.0,26,26,0,0,0,26,13,16,13,,,,,,,,,,,,,,0.12023183733827726,0.009318614907920075,True,26.0,26.0,True,True,0.07602590507746931,0.009318669766193333,True,26.0,26.0,0.22862476645256347,0.20000079055743214,26.0,26.0,0.9923809766769409,1.5805469751358032,0.5000129342079163,3.2756454944610596,35.17245101928711,0.35073317099547413,0.10521995129864224,0.3
e4_stable_ft,ngsim_i80,residual_idm,driver,3,4,C:\Users\Город\Downloads\research_plans\cf-stability\runs\e4_stable_ft\ngsim_i80\residual_idm\driver_fold3_seed4,4e4e2b7d68da,none,,runs/e4_stable/follownet_highd/residual_idm/driver_fold3_seed4,9be8a7e5c744,100.0,100.0,,,max_epochs,1906.7263966000028,4481,1523,0.0,24.594331300406644,4.842783191723802,3.4850146770477295,5.627317532387668,0.9696947979794,0.8782232403755188,0.9470527965065443,1497,0.0,20.344108508949873,4.849288306239452,3.460460662841797,5.944120695620262,0.9636039587363611,0.869206964969635,0.9467200484330892,,,,,1.0,0.0,0.0,0.0,0.0,0.0,1.0,0.0,0.0,0.0,0.0,0.0,1.0,0.0,0.0,0.0,0.0,1.0,0.0,0.0,0.0,0.0,0.9997835019621194,0.02,5.0,1.0,1.0,0.0,0.0,26,26,0,0,0,26,13,16,13,,,,,,,,,,,,,,0.12020568713182607,0.007838240690244525,True,26.0,26.0,True,True,0.07602590679481969,0.007838293780344396,True,26.0,26.0,0.22862476645256347,0.20000079055743214,26.0,26.0,0.9923809766769409,1.5805469751358032,0.5000129342079163,3.2756454944610596,35.17245101928711,0.3585867975415338,0.10757603926246014,0.3
e4_stable_ft,ngsim_i80,residual_idm,driver,4,0,C:\Users\Город\Downloads\research_plans\cf-stability\runs\e4_stable_ft\ngsim_i80\residual_idm\driver_fold4_seed0,b01e53b52e84,none,,runs/e4_stable/follownet_highd/residual_idm/driver_fold4_seed0,b812bd1638cd,100.0,100.0,,,max_epochs,1987.509384200006,4481,1501,0.0,31.012957213954223,4.905521137804925,3.515321731567383,5.773599682435014,0.9670746141199585,0.8803702592849731,0.9398549700371298,1523,0.0,24.442301028080585,4.845211737263931,3.485419273376465,5.634881495235631,0.969535873230554,0.8785655498504639,0.9469886566248031,,,,,1.0,0.0,0.0,0.0,0.0,0.0,1.0,0.0,0.0,0.0,0.0,0.0,1.0,0.0,0.0,0.0,0.0,1.0,0.0,0.0,0.0,0.0,0.9997856860605413,0.02,5.0,1.0,1.0,0.0,0.0,26,26,0,0,0,26,13,16,13,,,,,,,,,,,,,,0.11903915503909698,0.010796427137426234,True,26.0,26.0,True,True,0.07519009372682595,0.010796481418006487,True,26.0,26.0,0.22787662959055577,0.20003895970089436,26.0,26.0,0.9886175394058228,1.573002576828003,0.5000132322311401,3.2418761253356934,35.32887268066406,0.338794970348388,0.1016384911045164,0.3
e4_stable_ft,ngsim_i80,residual_idm,driver,4,1,C:\Users\Город\Downloads\research_plans\cf-stability\runs\e4_stable_ft\ngsim_i80\residual_idm\driver_fold4_seed1,442997253564,none,,runs/e4_stable/follownet_highd/residual_idm/driver_fold4_seed1,9972734bc28b,100.0,100.0,,,max_epochs,1954.062344399994,4481,1501,0.0,31.01295721483028,4.905521130061484,3.5153326988220215,5.773599645964463,0.9670746158671967,0.8803702592849731,0.9398549710636256,1523,0.0,24.4423010291904,4.845211726892801,3.485419273376465,5.6348814470810975,0.9695358693364883,0.8785654306411743,0.9469886523509542,,,,,1.0,0.0,0.0,0.0,0.0,0.0,1.0,0.0,0.0,0.0,0.0,0.0,1.0,0.0,0.0,0.0,0.0,1.0,0.0,0.0,0.0,0.0,0.9997856860696719,0.02,5.0,1.0,1.0,0.0,0.0,26,26,0,0,0,26,13,16,13,,,,,,,,,,,,,,0.11904042066064605,0.00745960885179231,True,26.0,26.0,True,True,0.07519008705718377,0.007459657589734325,True,26.0,26.0,0.22787662959055577,0.20003895970089436,26.0,26.0,0.9886175394058228,1.573002576828003,0.5000132322311401,3.2418761253356934,35.32887268066406,0.35668716105968756,0.10700614831790627,0.3
e4_stable_ft,ngsim_i80,residual_idm,driver,4,2,C:\Users\Город\Downloads\research_plans\cf-stability\runs\e4_stable_ft\ngsim_i80\residual_idm\driver_fold4_seed2,2b44088ad7e7,none,,runs/e4_stable/follownet_highd/residual_idm/driver_fold4_seed2,fa6fe9d9ed7a,100.0,100.0,,,max_epochs,2003.417717599994,4481,1501,0.0,31.01295721421837,4.905521134032479,3.515321731567383,5.773599672309015,0.9670746159863266,0.8803702592849731,0.9398549713586014,1523,0.0,24.44230102841872,4.845211740120884,3.485419273376465,5.63488149692295,0.9695358737001901,0.8785655498504639,0.9469886567708278,,,,,1.0,0.0,0.0,0.0,0.0,0.0,1.0,0.0,0.0,0.0,0.0,0.0,1.0,0.0,0.0,0.0,0.0,1.0,0.0,0.0,0.0,0.0,0.999785686066327,0.02,5.0,1.0,1.0,0.0,0.0,26,26,0,0,0,26,13,16,13,,,,,,,,,,,,,,0.11903511526629802,0.009459820947055664,True,26.0,26.0,True,True,0.07519009032312707,0.00945987297099593,True,26.0,26.0,0.22787662959055577,0.20003895970089436,26.0,26.0,0.9886175394058228,1.573002576828003,0.5000132322311401,3.2418761253356934,35.32887268066406,0.34594458450737225,0.10378337535221167,0.3
e4_stable_ft,ngsim_i80,residual_idm,driver,4,3,C:\Users\Город\Downloads\research_plans\cf-stability\runs\e4_stable_ft\ngsim_i80\residual_idm\driver_fold4_seed3,68d8e767c387,none,,runs/e4_stable/follownet_highd/residual_idm/driver_fold4_seed3,d370753401a5,100.0,98.0,,,max_epochs,1929.016227,4481,1501,0.0,31.01295721346733,4.905521148784728,3.515321731567383,5.773599686281347,0.9670746199374672,0.8803702592849731,0.9398549756962682,1523,0.0,24.442301027462847,4.845211766733594,3.4854190349578857,5.634881570704133,0.9695358822906166,0.8785655498504639,0.9469886671211784,,,,,1.0,0.0,0.0,0.0,0.0,0.0,1.0,0.0,0.0,0.0,0.0,0.0,1.0,0.0,0.0,0.0,0.0,1.0,0.0,0.0,0.0,0.0,0.9997856860453227,0.02,5.0,1.0,1.0,0.0,0.0,26,26,0,0,0,26,13,16,13,,,,,,,,,,,,,,0.11899184335328218,0.009201656149965265,True,26.0,26.0,True,True,0.07519010721193431,0.009201722249303601,True,26.0,26.0,0.22787662959055577,0.20003895970089436,26.0,26.0,0.9886175394058228,1.573002576828003,0.5000132322311401,3.2418761253356934,35.32887268066406,0.34720211517893335,0.10416063455368,0.3
e4_stable_ft,ngsim_i80,residual_idm,driver,4,4,C:\Users\Город\Downloads\research_plans\cf-stability\runs\e4_stable_ft\ngsim_i80\residual_idm\driver_fold4_seed4,4ea182265051,none,,runs/e4_stable/follownet_highd/residual_idm/driver_fold4_seed4,ae02d39f4d02,100.0,99.0,,,max_epochs,1657.8327281999955,4481,1501,0.0,31.01295721406574,4.90552113232495,3.515321731567383,5.773599669977563,0.9670746153311123,0.8803702592849731,0.9398549705061126,1523,0.0,24.442301028217916,4.845211737107385,3.485419273376465,5.6348814936754446,0.9695358733088267,0.8785655498504639,0.94698865674126,,,,,1.0,0.0,0.0,0.0,0.0,0.0,1.0,0.0,0.0,0.0,0.0,0.0,1.0,0.0,0.0,0.0,0.0,1.0,0.0,0.0,0.0,0.0,0.9997856860630734,0.02,5.0,1.0,1.0,0.0,0.0,26,26,0,0,0,26,13,16,13,,,,,,,,,,,,,,0.11903972926990458,0.00777801343953477,True,26.0,26.0,True,True,0.07519009237682461,0.007778066617139756,True,26.0,26.0,0.22787662959055577,0.20003895970089436,26.0,26.0,0.9886175394058228,1.573002576828003,0.5000132322311401,3.2418761253356934,35.32887268066406,0.35497667422870327,0.10649300226861098,0.3
m5_ft,ngsim_i80,gru,driver,0,0,C:\Users\Город\Downloads\research_plans\cf-stability\runs\m5_ft\ngsim_i80\gru\driver_fold0_seed0,2aa6be8e7ca3,none,,runs/e1/follownet_highd/gru/driver_fold0_seed0,d4f6b02ca845,42.0,32.0,,,early_stopping,391.59045279999555,13313,1566,0.007662835249042145,0.1008865796771885,4.165081127412322,3.174242854118347,4.972478842917902,0.8478496773108973,0.7834906280040741,0.8426487286114756,1501,0.013990672884743505,0.09999140332796169,4.110074482466045,3.2881782054901123,4.671178828814517,0.8384253590167323,0.7774621844291687,0.820272970094907,,,,,0.2857142857142857,0.7142857142857143,0.0,0.0,0.0,0.0,0.0,1.0,0.0,0.0,0.0,0.0,0.2857142857142857,0.7142857142857143,0.0,0.0,0.0,0.0,1.0,0.0,0.0,0.0,1167.9005615300584,0.02,27.0,1.0,0.7142857142857143,0.7142857142857143,1.0,26,24,6,2,0,24,14,16,14,,,,,,,,,,,,,,,,,,,,,,,,,,,,,,,,,,,,,
m5_ft,ngsim_i80,gru,driver,1,0,C:\Users\Город\Downloads\research_plans\cf-stability\runs\m5_ft\ngsim_i80\gru\driver_fold1_seed0,01c20095ed70,none,,runs/e1/follownet_highd/gru/driver_fold1_seed0,792aa994a48f,20.0,10.0,,,early_stopping,183.30685789999552,13313,1564,0.01918158567774936,0.13483462301596988,4.237873066035683,3.3458951711654663,4.78379838054156,0.8830565983605811,0.815281480550766,0.8746975283542578,1566,0.013409961685823755,0.13401656462086736,4.250544056048947,3.2573972940444946,4.987866984687359,0.879088569932057,0.8062633872032166,0.8742678541359822,,,,,0.21428571428571427,0.7142857142857143,0.07142857142857142,0.0,0.0,0.0,0.0,0.9285714285714286,0.07142857142857142,0.0,0.0,0.0,0.21428571428571427,0.7857142857142857,0.0,0.0,0.0,0.0,1.0,0.0,0.0,0.0,1694.2712026436875,0.02,28.0,1.0,0.7857142857142857,0.7857142857142857,1.0,26,22,0,4,0,22,14,16,14,,,,,,,,,,,,,,,,,,,,,,,,,,,,,,,,,,,,,
m5_ft,ngsim_i80,gru,driver,2,0,C:\Users\Город\Downloads\research_plans\cf-stability\runs\m5_ft\ngsim_i80\gru\driver_fold2_seed0,53d6b3e48a94,none,,runs/e1/follownet_highd/gru/driver_fold2_seed0,c030abb161e3,20.0,10.0,,,early_stopping,190.05336309999984,13313,1497,0.004676018704074816,0.1392346753197232,4.656690884130194,3.801849842071533,5.624412214442222,0.8626683849689557,0.7900857925415039,0.8604847187629936,1564,0.00639386189258312,0.14148859091186392,4.552437737050568,3.695666790008545,5.276431883037729,0.8634813306162424,0.795881986618042,0.8565939272193339,,,,,0.0,0.7692307692307693,0.07692307692307693,0.15384615384615385,0.0,0.0,0.0,0.7692307692307693,0.07692307692307693,0.15384615384615385,0.0,0.0,0.0,0.8461538461538461,0.15384615384615385,0.0,0.0,0.0,0.8461538461538461,0.15384615384615385,0.0,0.0,2000.0002989381092,0.02,27.0,1.0,1.0,1.0,1.0,26,17,0,9,0,17,11,16,13,,,,,,,,,,,,,,,,,,,,,,,,,,,,,,,,,,,,,
m5_ft,ngsim_i80,gru,driver,3,0,C:\Users\Город\Downloads\research_plans\cf-stability\runs\m5_ft\ngsim_i80\gru\driver_fold3_seed0,27fc6e026f0f,none,,runs/e1/follownet_highd/gru/driver_fold3_seed0,eb69ced7f92e,17.0,7.0,,,early_stopping,151.35039969999343,13313,1523,0.019041365725541694,0.14404465321416549,4.3078734587660295,3.4352564811706543,4.880233518384036,0.8624666781798837,0.7988572716712952,0.8558596926988861,1497,0.02004008016032064,0.14542071164749365,4.328021863618531,3.4886064529418945,5.088247512210847,0.8633090620767139,0.7954285740852356,0.8612151890288,,,,,0.5384615384615384,0.46153846153846156,0.0,0.0,0.0,0.0,0.0,1.0,0.0,0.0,0.0,0.0,0.5384615384615384,0.46153846153846156,0.0,0.0,0.0,0.0,1.0,0.0,0.0,0.0,2000.0002989381096,0.02,27.0,1.0,0.46153846153846156,0.46153846153846156,1.0,26,18,1,8,0,18,13,16,13,,,,,,,,,,,,,,,,,,,,,,,,,,,,,,,,,,,,,
m5_ft,ngsim_i80,gru,driver,4,0,C:\Users\Город\Downloads\research_plans\cf-stability\runs\m5_ft\ngsim_i80\gru\driver_fold4_seed0,3df105cfeacd,none,,runs/e1/follownet_highd/gru/driver_fold4_seed0,232c5bfb174a,17.0,7.0,,,early_stopping,163.52519020000182,13313,1501,0.01798800799467022,0.13926026155306956,4.191293943968715,3.273392677307129,4.823552770190588,0.864187149148556,0.7931002378463745,0.8447728394999479,1523,0.011818778726198293,0.13827563050169156,4.299013248455814,3.348172664642334,4.867836231472567,0.8730395560936167,0.797558069229126,0.8666779183361091,,,,,0.3076923076923077,0.5384615384615384,0.15384615384615385,0.0,0.0,0.0,0.0,0.8461538461538461,0.15384615384615385,0.0,0.0,0.0,0.38461538461538464,0.6153846153846154,0.0,0.0,0.0,0.0,1.0,0.0,0.0,0.0,1243.2520725995516,0.02,27.0,1.0,0.6153846153846154,0.6153846153846154,1.0,26,17,0,9,0,17,13,16,13,,,,,,,,,,,,,,,,,,,,,,,,,,,,,,,,,,,,,
m5_ft,ngsim_i80,knn,driver,0,0,C:\Users\Город\Downloads\research_plans\cf-stability\runs\m5_ft\ngsim_i80\knn\driver_fold0_seed0,4eaaca3959e6,none,,,,,,,,,125.49426089999906,0,1566,0.2164750957854406,0.961464649595395,11.209363385330823,6.427567958831787,43.53894556152311,1.4231066647084432,1.1597452759742737,2.251844060925888,1501,0.21985343104596936,0.9534777147537989,12.28444162519434,6.194582462310791,65.97758395833462,1.4648328170944738,1.1519089937210083,2.9377382858447025,,,,,0.07142857142857142,0.9285714285714286,0.0,0.0,0.0,0.0,0.42857142857142855,0.5714285714285714,0.0,0.0,0.0,0.0,0.07142857142857142,0.9285714285714286,0.0,0.0,0.0,0.42857142857142855,0.5714285714285714,0.0,0.0,0.0,6.086333005746898,0.24230553172571767,22.0,0.5,0.5,0.9285714285714286,0.5714285714285714,26,26,26,0,0,26,14,16,14,,,,,,,,,,,,,,,,,,,,,,,,,,,,,,,,,,,,,
m5_ft,ngsim_i80,knn,driver,1,0,C:\Users\Город\Downloads\research_plans\cf-stability\runs\m5_ft\ngsim_i80\knn\driver_fold1_seed0,d2172dc29e66,none,,,,,,,,,126.56365399999777,0,1564,0.28324808184143224,0.9663257870134091,34.04760586760005,6.92333197593689,498.1966745202071,2.303560982770322,1.192857027053833,10.957506103161714,1566,0.26500638569604085,0.9596688741147215,35.86427543629175,6.860286474227905,499.76642799552303,2.2877466222164276,1.173499345779419,11.536269686641813,,,,,0.0,1.0,0.0,0.0,0.0,0.0,0.2857142857142857,0.7142857142857143,0.0,0.0,0.0,0.0,0.0,1.0,0.0,0.0,0.0,0.2857142857142857,0.7142857142857143,0.0,0.0,0.0,7.0511361847154514,0.09283177667225556,26.0,0.5714285714285714,0.7142857142857143,1.0,0.7142857142857143,26,26,26,0,0,26,14,16,14,,,,,,,,,,,,,,,,,,,,,,,,,,,,,,,,,,,,,
m5_ft,ngsim_i80,knn,driver,2,0,C:\Users\Город\Downloads\research_plans\cf-stability\runs\m5_ft\ngsim_i80\knn\driver_fold2_seed0,d141a68bb214,none,,,,,,,,,128.004506199999,0,1497,0.24849699398797595,0.9616130752613807,18.095241572590933,6.686837673187256,100.05835936097934,1.6721846493945252,1.189016342163086,3.491864361383212,1564,0.24552429667519182,0.9658314733660345,20.6307035427531,6.78809118270874,241.65966590927138,1.7382184864614931,1.1883075833320618,5.326526527280804,,,,,0.23076923076923078,0.7692307692307693,0.0,0.0,0.0,0.0,0.5384615384615384,0.46153846153846156,0.0,0.0,0.0,0.0,0.23076923076923078,0.7692307692307693,0.0,0.0,0.0,0.5384615384615384,0.46153846153846156,0.0,0.0,0.0,1158.120585923323,0.02,14.0,0.3076923076923077,0.38461538461538464,0.7692307692307693,0.46153846153846156,26,26,26,0,0,26,13,16,13,,,,,,,,,,,,,,,,,,,,,,,,,,,,,,,,,,,,,
m5_ft,ngsim_i80,knn,driver,3,0,C:\Users\Город\Downloads\research_plans\cf-stability\runs\m5_ft\ngsim_i80\knn\driver_fold3_seed0,be9cc84527e7,none,,,,,,,,,110.20548750000307,0,1523,0.2442547603414314,0.9509895407326994,32.91163450448198,6.958259582519531,404.77686671911385,2.194838977396214,1.1679476499557495,11.762281962107155,1497,0.25250501002004005,0.9611159169900579,69.57226999288173,6.704165935516357,1115.6061754650739,3.0761635527860824,1.1754730939865112,23.698730000475738,,,,,0.07692307692307693,0.9230769230769231,0.0,0.0,0.0,0.0,0.6153846153846154,0.38461538461538464,0.0,0.0,0.0,0.0,0.07692307692307693,0.9230769230769231,0.0,0.0,0.0,0.6153846153846154,0.38461538461538464,0.0,0.0,0.0,7.771073033225298,0.13625841381159226,29.0,0.38461538461538464,0.46153846153846156,0.9230769230769231,0.38461538461538464,26,26,26,0,0,26,13,16,13,,,,,,,,,,,,,,,,,,,,,,,,,,,,,,,,,,,,,
m5_ft,ngsim_i80,knn,driver,4,0,C:\Users\Город\Downloads\research_plans\cf-stability\runs\m5_ft\ngsim_i80\knn\driver_fold4_seed0,b4d242b9cf23,none,,,,,,,,,119.84636729999329,0,1501,0.26115922718187873,0.9525178045793092,17.135521180704384,6.467780590057373,163.23314336723226,1.6261764146799569,1.158550500869751,5.481229602842634,1523,0.25541694024950756,0.9510399427092414,17.287293067161613,6.80779504776001,197.56093699851354,1.6031639710000214,1.1541410684585571,5.886305977452492,,,,,0.0,1.0,0.0,0.0,0.0,0.0,0.38461538461538464,0.6153846153846154,0.0,0.0,0.0,0.0,0.0,1.0,0.0,0.0,0.0,0.38461538461538464,0.6153846153846154,0.0,0.0,0.0,3.764141860042523,0.24230553172571767,22.0,0.6153846153846154,0.6153846153846154,1.0,0.6153846153846154,26,26,26,0,0,26,13,16,13,,,,,,,,,,,,,,,,,,,,,,,,,,,,,,,,,,,,,
m5_ft,ngsim_i80,lstm,driver,0,0,C:\Users\Город\Downloads\research_plans\cf-stability\runs\m5_ft\ngsim_i80\lstm\driver_fold0_seed0,ed1981c8d7fd,none,,runs/e1/follownet_highd/lstm/driver_fold0_seed0,3afd2906636e,13.0,3.0,,,early_stopping,114.40550069999881,17729,1566,0.04789272030651341,0.3044249760010465,4.551988203673223,3.3878087997436523,5.687440016279621,0.9133297290610171,0.8304924666881561,0.9239267109740057,1501,0.05396402398401066,0.302051659032896,4.391960229895894,3.5115554332733154,4.90166764856012,0.8924050398225549,0.8323925137519836,0.8720863029193353,,,,,0.0,0.9285714285714286,0.07142857142857142,0.0,0.0,0.0,0.0,0.9285714285714286,0.07142857142857142,0.0,0.0,0.0,0.0,1.0,0.0,0.0,0.0,0.0,1.0,0.0,0.0,0.0,552.718885890225,0.02,24.0,1.0,1.0,1.0,1.0,26,24,3,2,0,24,14,16,14,,,,,,,,,,,,,,,,,,,,,,,,,,,,,,,,,,,,,
m5_ft,ngsim_i80,lstm,driver,1,0,C:\Users\Город\Downloads\research_plans\cf-stability\runs\m5_ft\ngsim_i80\lstm\driver_fold1_seed0,fef0e13c43a9,none,,runs/e1/follownet_highd/lstm/driver_fold1_seed0,d01fff487ff1,17.0,7.0,,,early_stopping,143.26831829998991,17729,1564,0.019820971867007674,0.22121992464234214,4.431679956348199,3.365910768508911,7.446997478977209,0.8938029213710819,0.819107711315155,0.893038909963721,1566,0.01979565772669221,0.21963997424567472,4.340459983372445,3.2797118425369263,5.0780681275661985,0.8880309483671553,0.8165586292743683,0.8804150798616516,,,,,0.6428571428571429,0.35714285714285715,0.0,0.0,0.0,0.0,0.07142857142857142,0.9285714285714286,0.0,0.0,0.0,0.0,0.6428571428571429,0.35714285714285715,0.0,0.0,0.0,0.07142857142857142,0.9285714285714286,0.0,0.0,0.0,2000.0002989381096,0.02,27.0,1.0,0.42857142857142855,0.35714285714285715,0.9285714285714286,26,26,1,0,0,26,14,16,14,,,,,,,,,,,,,,,,,,,,,,,,,,,,,,,,,,,,,
m5_ft,ngsim_i80,lstm,driver,2,0,C:\Users\Город\Downloads\research_plans\cf-stability\runs\m5_ft\ngsim_i80\lstm\driver_fold2_seed0,43fe0f97c6d1,none,,runs/e1/follownet_highd/lstm/driver_fold2_seed0,ee153d0a4c31,15.0,5.0,,,early_stopping,125.7511216999992,17729,1497,0.16165664662658652,0.24174805604130378,4.483672062834661,3.4772448539733887,5.437116874397098,0.8862679238190393,0.8137286305427551,0.8833288316872338,1564,0.1432225063938619,0.24360012971853023,4.4239842345190175,3.5091887712478638,5.078670961766876,0.8936190466441767,0.8240145742893219,0.884011685976585,,,,,0.3076923076923077,0.6923076923076923,0.0,0.0,0.0,0.0,0.07692307692307693,0.9230769230769231,0.0,0.0,0.0,0.0,0.3076923076923077,0.6923076923076923,0.0,0.0,0.0,0.07692307692307693,0.9230769230769231,0.0,0.0,0.0,5.064121344296311,0.09283177667225556,20.0,1.0,0.7692307692307693,0.6923076923076923,0.9230769230769231,26,20,2,6,0,20,13,16,13,,,,,,,,,,,,,,,,,,,,,,,,,,,,,,,,,,,,,
m5_ft,ngsim_i80,lstm,driver,3,0,C:\Users\Город\Downloads\research_plans\cf-stability\runs\m5_ft\ngsim_i80\lstm\driver_fold3_seed0,6dfc1560e252,none,,runs/e1/follownet_highd/lstm/driver_fold3_seed0,d9bea37fb126,24.0,14.0,,,early_stopping,198.89433559999452,17729,1523,0.021667760998030205,0.16357243263978088,4.727066407764107,3.5384020805358887,8.27889653890027,0.8891647419527183,0.8099489808082581,0.9031693703959317,1497,0.026720106880427523,0.16578381828641062,4.615288124573414,3.5710785388946533,6.531613864282274,0.8867992670259718,0.801032543182373,0.9105451187955684,,,,,0.3076923076923077,0.5384615384615384,0.15384615384615385,0.0,0.0,0.0,0.0,0.8461538461538461,0.15384615384615385,0.0,0.0,0.0,0.38461538461538464,0.6153846153846154,0.0,0.0,0.0,0.07692307692307693,0.9230769230769231,0.0,0.0,0.0,2000.0002989381096,0.02,29.0,1.0,0.6923076923076923,0.6153846153846154,0.9230769230769231,26,21,1,5,0,21,13,16,13,,,,,,,,,,,,,,,,,,,,,,,,,,,,,,,,,,,,,
m5_ft,ngsim_i80,lstm,driver,4,0,C:\Users\Город\Downloads\research_plans\cf-stability\runs\m5_ft\ngsim_i80\lstm\driver_fold4_seed0,56e9d121704c,none,,runs/e1/follownet_highd/lstm/driver_fold4_seed0,7311cab6c484,12.0,2.0,,,early_stopping,116.93025130000024,17729,1501,0.08794137241838774,0.3661921079858272,4.676848085898705,3.7304091453552246,5.262987541341202,0.9222171179339697,0.8677206039428711,0.9025941601751573,1523,0.07419566644780039,0.3652165217340387,4.776879853859437,3.72977352142334,7.231215531799236,0.9271264699283432,0.861376166343689,0.9282156113687786,,,,,0.0,0.8461538461538461,0.07692307692307693,0.07692307692307693,0.0,0.0,0.0,0.8461538461538461,0.07692307692307693,0.07692307692307693,0.0,0.0,0.0,0.9230769230769231,0.07692307692307693,0.0,0.0,0.0,0.9230769230769231,0.07692307692307693,0.0,0.0,861.168097164731,0.024230553172571768,28.0,1.0,1.0,1.0,1.0,26,22,0,4,0,22,12,16,13,,,,,,,,,,,,,,,,,,,,,,,,,,,,,,,,,,,,,
m5_ft,ngsim_i80,perl,driver,0,0,C:\Users\Город\Downloads\research_plans\cf-stability\runs\m5_ft\ngsim_i80\perl\driver_fold0_seed0,8765624765ce,none,,runs/e1/follownet_highd/perl/driver_fold0_seed0,e69ac00318a3,21.0,11.0,,,early_stopping,177.10999200001243,17729,1566,0.04789272030651341,0.3519097686309014,5.8928052382603155,4.512515544891357,7.700731133821695,1.0333857520900924,0.8957270979881287,1.11185644765788,1501,0.05596269153897402,0.35140215893211285,5.789126162049295,4.693452835083008,6.7364770966381675,1.000965062387382,0.892945408821106,0.9816742103048157,,,,,0.07142857142857142,0.6428571428571429,0.2857142857142857,0.0,0.0,0.0,0.0,0.7142857142857143,0.2857142857142857,0.0,0.0,0.0,0.07142857142857142,0.9285714285714286,0.0,0.0,0.0,0.0,1.0,0.0,0.0,0.0,842.0159045649849,0.02,23.0,1.0,0.9285714285714286,0.9285714285714286,1.0,26,26,9,0,0,26,14,16,14,,,,,,,,,,,,,,,,,,,,,,,,,,,,,,,,,,,,,
m5_ft,ngsim_i80,perl,driver,1,0,C:\Users\Город\Downloads\research_plans\cf-stability\runs\m5_ft\ngsim_i80\perl\driver_fold1_seed0,b657cf6efaf6,none,,runs/e1/follownet_highd/perl/driver_fold1_seed0,cc291b6fe73b,13.0,3.0,,,early_stopping,116.4126513999945,17729,1564,0.046675191815856776,0.6581734353888854,5.7948025352204855,3.7644076347351074,27.2548546813015,1.0424819950328763,0.8864671289920807,1.5403042435435637,1566,0.037675606641123884,0.6571930733017661,5.289415588590529,3.7387548685073853,7.289269177497817,1.0156974094618936,0.8945201635360718,1.0519560371362329,,,,,0.0,0.7857142857142857,0.21428571428571427,0.0,0.0,0.0,0.0,0.7857142857142857,0.21428571428571427,0.0,0.0,0.0,0.0,1.0,0.0,0.0,0.0,0.0,1.0,0.0,0.0,0.0,784.5908374774606,0.024230553172571768,19.0,1.0,1.0,1.0,1.0,26,26,3,0,0,26,14,16,14,,,,,,,,,,,,,,,,,,,,,,,,,,,,,,,,,,,,,
m5_ft,ngsim_i80,perl,driver,2,0,C:\Users\Город\Downloads\research_plans\cf-stability\runs\m5_ft\ngsim_i80\perl\driver_fold2_seed0,f1ac3e5942ee,none,,runs/e1/follownet_highd/perl/driver_fold2_seed0,0c8d34461466,28.0,18.0,,,early_stopping,254.22759289998794,17729,1497,0.0026720106880427524,0.2488802581862268,4.895092534915399,3.714373826980591,5.864551033820879,0.9405040045579275,0.8435111045837402,0.9418698051496953,1564,0.0025575447570332483,0.24603569445527654,6.71681122782895,3.8162055015563965,74.29619552095187,1.0394762816846066,0.8636501133441925,3.635028068201764,,,,,0.15384615384615385,0.8461538461538461,0.0,0.0,0.0,0.0,0.0,1.0,0.0,0.0,0.0,0.0,0.15384615384615385,0.8461538461538461,0.0,0.0,0.0,0.0,1.0,0.0,0.0,0.0,34.34593114608809,0.11246826503806984,25.0,1.0,0.8461538461538461,0.8461538461538461,1.0,26,23,3,3,0,23,13,16,13,,,,,,,,,,,,,,,,,,,,,,,,,,,,,,,,,,,,,
m5_ft,ngsim_i80,perl,driver,3,0,C:\Users\Город\Downloads\research_plans\cf-stability\runs\m5_ft\ngsim_i80\perl\driver_fold3_seed0,50ef8777d2d7,none,,runs/e1/follownet_highd/perl/driver_fold3_seed0,05806edff306,33.0,23.0,,,early_stopping,325.8694966000039,17729,1523,0.0623768877216021,0.4147266190692109,5.245190457732601,3.759995222091675,7.4447690864297895,1.0450711572397249,0.9384558796882629,1.16729886517131,1497,0.07080828323313293,0.41544195829480657,5.209625815102954,3.740407705307007,7.291883846469752,1.0440216636012694,0.9343635439872742,1.097715991756404,,,,,0.07692307692307693,0.9230769230769231,0.0,0.0,0.0,0.0,0.07692307692307693,0.9230769230769231,0.0,0.0,0.0,0.0,0.07692307692307693,0.9230769230769231,0.0,0.0,0.0,0.07692307692307693,0.9230769230769231,0.0,0.0,0.0,1527.328129212231,0.02,28.0,1.0,1.0,0.9230769230769231,0.9230769230769231,26,26,8,0,0,26,13,16,13,,,,,,,,,,,,,,,,,,,,,,,,,,,,,,,,,,,,,
m5_ft,ngsim_i80,perl,driver,4,0,C:\Users\Город\Downloads\research_plans\cf-stability\runs\m5_ft\ngsim_i80\perl\driver_fold4_seed0,dc95d7d685af,none,,runs/e1/follownet_highd/perl/driver_fold4_seed0,46d93ac74c03,15.0,5.0,,,early_stopping,156.26254670000344,17729,1501,0.21319120586275817,0.7470564815164311,6.4869078354268455,5.034648418426514,7.389489617684408,1.319147755629535,1.2107009887695312,1.321728198686596,1523,0.211424819435325,0.7379176229934226,6.805456973773746,4.846824645996094,9.187353382724822,1.368660379242756,1.2137768268585205,1.4880999270085826,,,,,0.0,0.8461538461538461,0.0,0.15384615384615385,0.0,0.0,0.15384615384615385,0.6923076923076923,0.0,0.15384615384615385,0.0,0.0,0.0,0.8461538461538461,0.15384615384615385,0.0,0.0,0.15384615384615385,0.6923076923076923,0.15384615384615385,0.0,0.0,772.3891780021884,0.02,20.0,1.0,0.8181818181818182,1.0,0.8181818181818182,26,17,0,9,0,17,11,16,13,,,,,,,,,,,,,,,,,,,,,,,,,,,,,,,,,,,,,
m5_ft,ngsim_i80,pidl,driver,0,0,C:\Users\Город\Downloads\research_plans\cf-stability\runs\m5_ft\ngsim_i80\pidl\driver_fold0_seed0,d5f1906f15f0,none,,runs/e1/follownet_highd/pidl/driver_fold0_seed0,e7348ebf015b,22.0,12.0,,,early_stopping,137.31447990000015,4481,1566,0.10217113665389528,0.9768521974952189,5.511001643359585,4.22776985168457,6.6169644189301575,0.9957542750570509,0.9093668460845947,1.0176447138580609,1501,0.11392405063291139,0.9729835633872765,5.52097460500484,4.216711521148682,6.5167315879431635,0.9860278766287079,0.9117529392242432,0.9985588901310968,,,,,0.0,0.9285714285714286,0.07142857142857142,0.0,0.0,0.0,0.0,0.9285714285714286,0.07142857142857142,0.0,0.0,0.0,0.0,1.0,0.0,0.0,0.0,0.0,1.0,0.0,0.0,0.0,1.1387177573721625,0.13625841381159226,5.0,1.0,1.0,1.0,1.0,26,26,0,0,0,26,14,16,14,,,,,,,,,,,,,,,,,,,,,,,,,,,,,,,,,,,,,
m5_ft,ngsim_i80,pidl,driver,1,0,C:\Users\Город\Downloads\research_plans\cf-stability\runs\m5_ft\ngsim_i80\pidl\driver_fold1_seed0,e7044cec2ee6,none,,runs/e1/follownet_highd/pidl/driver_fold1_seed0,9d6e83b8501e,11.0,1.0,,,early_stopping,70.32683419999375,4481,1564,0.17710997442455242,0.9873984488304262,5.552742724452178,4.3164896965026855,6.686187852983994,1.014169191136537,0.9343870878219604,1.0487658090526586,1566,0.1768837803320562,0.9802662037160629,5.56673314855321,4.276179552078247,6.689262515827924,1.0076910723500325,0.9202794134616852,1.0353879734639493,,,,,0.0,1.0,0.0,0.0,0.0,0.0,0.0,1.0,0.0,0.0,0.0,0.0,0.0,1.0,0.0,0.0,0.0,0.0,1.0,0.0,0.0,0.0,1.1315610905599114,0.13625841381159226,5.0,1.0,1.0,1.0,1.0,26,26,0,0,0,26,14,16,14,,,,,,,,,,,,,,,,,,,,,,,,,,,,,,,,,,,,,
m5_ft,ngsim_i80,pidl,driver,2,0,C:\Users\Город\Downloads\research_plans\cf-stability\runs\m5_ft\ngsim_i80\pidl\driver_fold2_seed0,1bf51122f22e,none,,runs/e1/follownet_highd/pidl/driver_fold2_seed0,93b4c3084c09,19.0,9.0,,,early_stopping,120.24838829999499,4481,1497,0.1690046760187041,0.9734242196537445,5.527452354918501,4.3181915283203125,6.7216489957712735,1.0052767609188218,0.91293865442276,1.039090922059466,1564,0.15025575447570333,0.9778948360527685,5.542623933395157,4.317678689956665,6.578673180710497,1.015692685171009,0.9298768639564514,1.0474788999855429,,,,,0.15384615384615385,0.6923076923076923,0.15384615384615385,0.0,0.0,0.0,0.15384615384615385,0.6923076923076923,0.15384615384615385,0.0,0.0,0.0,0.23076923076923078,0.7692307692307693,0.0,0.0,0.0,0.15384615384615385,0.8461538461538461,0.0,0.0,0.0,1.1550163602314747,0.16508083705360369,5.0,1.0,0.9230769230769231,0.7692307692307693,0.8461538461538461,26,26,0,0,0,26,13,16,13,,,,,,,,,,,,,,,,,,,,,,,,,,,,,,,,,,,,,
m5_ft,ngsim_i80,pidl,driver,3,0,C:\Users\Город\Downloads\research_plans\cf-stability\runs\m5_ft\ngsim_i80\pidl\driver_fold3_seed0,529690469129,none,,runs/e1/follownet_highd/pidl/driver_fold3_seed0,30c673abb007,14.0,4.0,,,early_stopping,88.39963849999185,4481,1523,0.18581746552856204,0.9573131937972512,5.6314191596725625,4.5121331214904785,6.5013171540605015,1.0092286906172707,0.9242106676101685,1.0365098609108416,1497,0.20374081496325985,0.9723361031268877,5.5611444853430365,4.373025894165039,6.742089139195256,1.0090024580179888,0.9198011755943298,1.040901239957014,,,,,0.0,1.0,0.0,0.0,0.0,0.0,0.0,1.0,0.0,0.0,0.0,0.0,0.0,1.0,0.0,0.0,0.0,0.0,1.0,0.0,0.0,0.0,1.1378326222051842,0.16508083705360369,5.0,1.0,1.0,1.0,1.0,26,26,0,0,0,26,13,16,13,,,,,,,,,,,,,,,,,,,,,,,,,,,,,,,,,,,,,
m5_ft,ngsim_i80,pidl,driver,4,0,C:\Users\Город\Downloads\research_plans\cf-stability\runs\m5_ft\ngsim_i80\pidl\driver_fold4_seed0,d4019d6a9092,none,,runs/e1/follownet_highd/pidl/driver_fold4_seed0,6aec61f3974c,23.0,13.0,,,early_stopping,99.65363590000197,4481,1501,0.11792138574283811,0.96431063129434,5.430149172303043,4.219450950622559,6.343758712824637,0.9814600814866035,0.9050135016441345,0.995031290638397,1523,0.1076822061720289,0.9559593898958313,5.498344264586975,4.324923038482666,6.352341475498428,0.9918243323238133,0.9073524475097656,1.0136795850265639,,,,,0.23076923076923078,0.7692307692307693,0.0,0.0,0.0,0.0,0.0,1.0,0.0,0.0,0.0,0.0,0.23076923076923078,0.7692307692307693,0.0,0.0,0.0,0.0,1.0,0.0,0.0,0.0,1.146654838940397,0.13625841381159226,5.0,1.0,0.7692307692307693,0.7692307692307693,1.0,26,26,0,0,0,26,13,16,13,,,,,,,,,,,,,,,,,,,,,,,,,,,,,,,,,,,,,
m5_ft_gain_w0.1,ngsim_i80,gru,driver,0,0,C:\Users\Город\Downloads\research_plans\cf-stability\runs\m5_ft_gain_w0.1\ngsim_i80\gru\driver_fold0_seed0,ea4b49d47a8a,gain,0.1,runs/e2_gain_w0.1/follownet_highd/gru/driver_fold0_seed0,df798bdd1dab,14.0,4.0,False,0.0,early_stopping,211.6526576000033,13313,1566,0.005108556832694764,0.34821860697955503,4.686271881177964,3.677672863006592,5.558393423212011,0.9622568437118335,0.8889038860797882,0.9665640081875418,1501,0.0073284477015323115,0.3484149143633804,4.552151798606316,3.598037004470825,5.047691861013088,0.9524268708790564,0.8810203671455383,0.9325372340643259,,,,,0.8571428571428571,0.14285714285714285,0.0,0.0,0.0,0.0,0.0,1.0,0.0,0.0,0.0,0.0,0.8571428571428571,0.14285714285714285,0.0,0.0,0.0,0.0,1.0,0.0,0.0,0.0,2.895032952017786,0.11246826503806984,25.0,1.0,0.14285714285714285,0.14285714285714285,1.0,26,21,0,5,0,21,14,16,14,,,,,,,,,,,,,,,,,,,,,,,,,,,,,,,,,,,,,
m5_ft_gain_w0.1,ngsim_i80,gru,driver,1,0,C:\Users\Город\Downloads\research_plans\cf-stability\runs\m5_ft_gain_w0.1\ngsim_i80\gru\driver_fold1_seed0,fd6d6be36bc6,gain,0.1,runs/e2_gain_w0.1/follownet_highd/gru/driver_fold1_seed0,71c53677bcfe,27.0,17.0,False,0.0,early_stopping,391.00723010000365,13313,1564,0.00639386189258312,0.16994710163851182,4.2408392207168255,3.255244016647339,4.872046130476927,0.8792369857125575,0.8116858899593353,0.8696352349691061,1566,0.004469987228607918,0.16824713758123935,4.255911650899726,3.244206428527832,5.084506844121594,0.8741319555965268,0.8068481385707855,0.8669704293137229,,,,,0.5,0.5,0.0,0.0,0.0,0.0,0.0,1.0,0.0,0.0,0.0,0.0,0.5,0.5,0.0,0.0,0.0,0.0,1.0,0.0,0.0,0.0,1097.3891646574805,0.02,25.0,1.0,0.5,0.5,1.0,26,21,0,5,0,21,14,16,14,,,,,,,,,,,,,,,,,,,,,,,,,,,,,,,,,,,,,
m5_ft_gain_w0.1,ngsim_i80,gru,driver,2,0,C:\Users\Город\Downloads\research_plans\cf-stability\runs\m5_ft_gain_w0.1\ngsim_i80\gru\driver_fold2_seed0,3745e7affdde,gain,0.1,runs/e2_gain_w0.1/follownet_highd/gru/driver_fold2_seed0,17a74602abaa,37.0,27.0,False,0.0,early_stopping,564.2843338999955,13313,1497,0.008016032064128256,0.15397036736323996,4.312143831190939,3.3202075958251953,5.233051686648709,0.8690911507956888,0.7967297434806824,0.8675507077039487,1564,0.008312020460358057,0.1549635920543546,4.317160811399103,3.400149941444397,4.916113730037478,0.8794576772643478,0.8080179691314697,0.8722152451269666,,,,,0.8461538461538461,0.15384615384615385,0.0,0.0,0.0,0.0,0.0,1.0,0.0,0.0,0.0,0.0,0.8461538461538461,0.15384615384615385,0.0,0.0,0.0,0.0,1.0,0.0,0.0,0.0,1638.7870821707318,0.02,29.0,1.0,0.15384615384615385,0.15384615384615385,1.0,26,26,4,0,0,26,13,16,13,,,,,,,,,,,,,,,,,,,,,,,,,,,,,,,,,,,,,
m5_ft_gain_w0.1,ngsim_i80,gru,driver,3,0,C:\Users\Город\Downloads\research_plans\cf-stability\runs\m5_ft_gain_w0.1\ngsim_i80\gru\driver_fold3_seed0,d9771a79d2d7,gain,0.1,runs/e2_gain_w0.1/follownet_highd/gru/driver_fold3_seed0,16941947c337,44.0,34.0,False,0.0,early_stopping,628.2017074999894,13313,1523,0.005909389363099146,0.13194089181378812,4.265439670960996,3.2922961711883545,4.797175074991327,0.8705909149825221,0.8032207489013672,0.8612312989414469,1497,0.007348029392117568,0.13413583626140538,4.398627251944068,3.3317599296569824,5.7648252460805285,0.8771263453549517,0.7962449789047241,0.8977156974957826,,,,,0.8461538461538461,0.15384615384615385,0.0,0.0,0.0,0.0,0.0,1.0,0.0,0.0,0.0,0.0,0.8461538461538461,0.15384615384615385,0.0,0.0,0.0,0.0,1.0,0.0,0.0,0.0,1.5147233490955878,2.0,22.0,0.38461538461538464,0.15384615384615385,0.15384615384615385,1.0,26,20,0,6,0,20,13,16,13,,,,,,,,,,,,,,,,,,,,,,,,,,,,,,,,,,,,,
m5_ft_gain_w0.1,ngsim_i80,gru,driver,4,0,C:\Users\Город\Downloads\research_plans\cf-stability\runs\m5_ft_gain_w0.1\ngsim_i80\gru\driver_fold4_seed0,929067bd718b,gain,0.1,runs/e2_gain_w0.1/follownet_highd/gru/driver_fold4_seed0,d0e6df128d49,30.0,20.0,False,0.0,early_stopping,388.5045526000031,13313,1501,0.012658227848101266,0.14472139863564068,4.2871705731060565,3.392868995666504,4.909672074907626,0.8775942480857971,0.8163199424743652,0.8588068340580401,1523,0.019041365725541694,0.14420920820544308,4.651101565271009,3.4055705070495605,14.596966899460009,0.8925029165988992,0.8173149824142456,0.8973243731130179,,,,,0.15384615384615385,0.5384615384615384,0.3076923076923077,0.0,0.0,0.0,0.0,0.6923076923076923,0.3076923076923077,0.0,0.0,0.0,0.15384615384615385,0.8461538461538461,0.0,0.0,0.0,0.0,1.0,0.0,0.0,0.0,1.379866176726785,2.0,12.0,0.9230769230769231,0.8461538461538461,0.8461538461538461,1.0,26,23,0,3,0,23,13,16,13,,,,,,,,,,,,,,,,,,,,,,,,,,,,,,,,,,,,,
m5_ft_gain_w0.1,ngsim_i80,lstm,driver,0,0,C:\Users\Город\Downloads\research_plans\cf-stability\runs\m5_ft_gain_w0.1\ngsim_i80\lstm\driver_fold0_seed0,54a5f683bc88,gain,0.1,runs/e2_gain_w0.1/follownet_highd/lstm/driver_fold0_seed0,e1f57a1d4635,28.0,18.0,False,0.0,early_stopping,406.56506579999404,17729,1566,0.013409961685823755,0.20276783152755104,4.346050680692321,3.3826873302459717,5.04481994434945,0.8864846227650137,0.8233101963996887,0.8757351953184642,1501,0.020652898067954697,0.20539298333267944,4.299588845004089,3.4751293659210205,4.812122438335068,0.88116414405202,0.822406530380249,0.8577219576795868,,,,,0.42857142857142855,0.2857142857142857,0.2857142857142857,0.0,0.0,0.0,0.0,0.7142857142857143,0.2857142857142857,0.0,0.0,0.0,0.42857142857142855,0.5714285714285714,0.0,0.0,0.0,0.0,1.0,0.0,0.0,0.0,2000.000298938046,0.02,25.0,1.0,0.5714285714285714,0.5714285714285714,1.0,26,26,2,0,0,26,14,16,14,,,,,,,,,,,,,,,,,,,,,,,,,,,,,,,,,,,,,
m5_ft_gain_w0.1,ngsim_i80,lstm,driver,1,0,C:\Users\Город\Downloads\research_plans\cf-stability\runs\m5_ft_gain_w0.1\ngsim_i80\lstm\driver_fold1_seed0,917834513e84,gain,0.1,runs/e2_gain_w0.1/follownet_highd/lstm/driver_fold1_seed0,4659b0b1dc46,21.0,11.0,False,0.0,early_stopping,308.35308420000365,17729,1564,0.026214833759590793,0.22418247440928069,4.502266544705766,3.5023062229156494,7.559921708820637,0.9117147281308613,0.8340408802032471,0.9116331472314774,1566,0.02234993614303959,0.22226012415184687,4.516599324718594,3.3726699352264404,5.344927948488569,0.9108466870635558,0.8323409259319305,0.9044863528161786,,,,,0.0,0.6428571428571429,0.35714285714285715,0.0,0.0,0.0,0.07142857142857142,0.5714285714285714,0.35714285714285715,0.0,0.0,0.0,0.0,1.0,0.0,0.0,0.0,0.21428571428571427,0.7857142857142857,0.0,0.0,0.0,3.6238339535026127,2.0,19.0,1.0,0.7857142857142857,1.0,0.7857142857142857,26,26,8,0,0,26,14,16,14,,,,,,,,,,,,,,,,,,,,,,,,,,,,,,,,,,,,,
m5_ft_gain_w0.1,ngsim_i80,lstm,driver,2,0,C:\Users\Город\Downloads\research_plans\cf-stability\runs\m5_ft_gain_w0.1\ngsim_i80\lstm\driver_fold2_seed0,35c7e00e1243,gain,0.1,runs/e2_gain_w0.1/follownet_highd/lstm/driver_fold2_seed0,9c94b6200b17,35.0,25.0,False,0.0,early_stopping,510.06682649999857,17729,1497,0.01068804275217101,0.13836879527024049,4.2828983154468885,3.278754234313965,5.187632726487318,0.8652168927227726,0.7953513860702515,0.8654817482641951,1564,0.012148337595907928,0.1391196982818825,4.309468903543089,3.3106555938720703,4.984416905746808,0.8737163523502667,0.8045220077037811,0.8670898621801733,,,,,0.9230769230769231,0.07692307692307693,0.0,0.0,0.0,0.0,0.0,1.0,0.0,0.0,0.0,0.0,0.9230769230769231,0.07692307692307693,0.0,0.0,0.0,0.0,1.0,0.0,0.0,0.0,2.560068005230372,1.3625841381159225,30.0,1.0,0.07692307692307693,0.07692307692307693,1.0,26,26,3,0,0,26,13,16,13,,,,,,,,,,,,,,,,,,,,,,,,,,,,,,,,,,,,,
m5_ft_gain_w0.1,ngsim_i80,lstm,driver,3,0,C:\Users\Город\Downloads\research_plans\cf-stability\runs\m5_ft_gain_w0.1\ngsim_i80\lstm\driver_fold3_seed0,d474ab117818,gain,0.1,runs/e2_gain_w0.1/follownet_highd/lstm/driver_fold3_seed0,448d577cfacc,32.0,22.0,False,0.0,early_stopping,469.7573563000042,17729,1523,0.004596191726854892,0.1525812555276559,4.361599959222721,3.2428996562957764,5.073776785802524,0.8747651494907378,0.8013701438903809,0.8692727188332288,1497,0.0026720106880427524,0.1524748033079403,4.338824173003814,3.2313551902770996,5.412079171615098,0.868748607640276,0.7957050800323486,0.8724197623298705,,,,,0.7692307692307693,0.23076923076923078,0.0,0.0,0.0,0.0,0.0,1.0,0.0,0.0,0.0,0.0,0.7692307692307693,0.23076923076923078,0.0,0.0,0.0,0.0,1.0,0.0,0.0,0.0,2.2065932303689326,2.0,30.0,0.9230769230769231,0.23076923076923078,0.23076923076923078,1.0,26,26,1,0,0,26,13,16,13,,,,,,,,,,,,,,,,,,,,,,,,,,,,,,,,,,,,,
m5_ft_gain_w0.1,ngsim_i80,lstm,driver,4,0,C:\Users\Город\Downloads\research_plans\cf-stability\runs\m5_ft_gain_w0.1\ngsim_i80\lstm\driver_fold4_seed0,a8ce5d775b23,gain,0.1,runs/e2_gain_w0.1/follownet_highd/lstm/driver_fold4_seed0,0f18d6505f0b,16.0,6.0,False,0.0,early_stopping,235.25722709999536,17729,1501,0.047968021319120584,0.3233843502577448,4.571517607416811,3.5569517612457275,5.249699465762293,0.9271621908210739,0.8624634146690369,0.9068542495894342,1523,0.03808273145108339,0.32235911213277535,4.697715179707295,3.5799560546875,7.2104710214945795,0.9300813297456765,0.8673030138015747,0.9321259154943469,,,,,0.38461538461538464,0.6153846153846154,0.0,0.0,0.0,0.0,0.0,1.0,0.0,0.0,0.0,0.0,0.38461538461538464,0.6153846153846154,0.0,0.0,0.0,0.0,1.0,0.0,0.0,0.0,1.180468634457422,0.13625841381159226,5.0,0.9230769230769231,0.6153846153846154,0.6153846153846154,1.0,26,17,0,9,0,17,13,16,13,,,,,,,,,,,,,,,,,,,,,,,,,,,,,,,,,,,,,
m5_ft_jacobian_w1,ngsim_i80,mlp,driver,0,0,C:\Users\Город\Downloads\research_plans\cf-stability\runs\m5_ft_jacobian_w1\ngsim_i80\mlp\driver_fold0_seed0,4eb4e1109a87,jacobian,1.0,runs/e2_jacobian_w1/follownet_highd/mlp/driver_fold0_seed0,50ad489ef63c,26.0,16.0,True,21.0,early_stopping,129.10153349999746,4481,1566,0.1251596424010217,0.9220398743378155,5.5565479864410365,4.383392572402954,6.623414362208461,0.9981853755840396,0.9087927043437958,1.015121811365889,1501,0.1425716189207195,0.9154684419347571,5.494280771264865,4.290769100189209,6.377228989937037,0.986460510648782,0.9156425595283508,0.9886708334770528,,,,,1.0,0.0,0.0,0.0,0.0,0.0,1.0,0.0,0.0,0.0,0.0,0.0,1.0,0.0,0.0,0.0,0.0,1.0,0.0,0.0,0.0,0.0,0.9864301791963064,0.02,12.0,1.0,1.0,0.0,0.0,26,22,0,4,0,22,14,16,14,,,,,,,,,,,,,,,,,,,,,,,,,,,,,,,,,,,,,
m5_ft_jacobian_w1,ngsim_i80,mlp,driver,1,0,C:\Users\Город\Downloads\research_plans\cf-stability\runs\m5_ft_jacobian_w1\ngsim_i80\mlp\driver_fold1_seed0,e37e86d8968d,jacobian,1.0,runs/e2_jacobian_w1/follownet_highd/mlp/driver_fold1_seed0,d95f7439811e,22.0,12.0,True,20.0,early_stopping,88.02058510000643,4481,1564,0.13107416879795397,0.9280808838719663,5.522662603603605,4.418303489685059,6.467633667118941,1.0046256119599732,0.9329771101474762,1.021988767884097,1566,0.11749680715197956,0.922011179380845,5.5277050611197875,4.425745725631714,6.521082754056634,0.9993179915603703,0.9115911722183228,1.0144196589990184,,,,,1.0,0.0,0.0,0.0,0.0,0.0,1.0,0.0,0.0,0.0,0.0,0.0,1.0,0.0,0.0,0.0,0.0,1.0,0.0,0.0,0.0,0.0,0.9900389827602453,0.02,5.0,1.0,1.0,0.0,0.0,26,26,0,0,0,26,14,16,14,,,,,,,,,,,,,,,,,,,,,,,,,,,,,,,,,,,,,
m5_ft_jacobian_w1,ngsim_i80,mlp,driver,2,0,C:\Users\Город\Downloads\research_plans\cf-stability\runs\m5_ft_jacobian_w1\ngsim_i80\mlp\driver_fold2_seed0,9de76ab82903,jacobian,1.0,runs/e2_jacobian_w1/follownet_highd/mlp/driver_fold2_seed0,ca2726632b71,18.0,8.0,True,18.0,early_stopping,73.2721867000073,4481,1497,0.16700066800267202,0.927426079169333,5.255370777172491,4.113138675689697,6.222519845932897,0.9723301827509402,0.8993964195251465,0.9794179213217311,1564,0.1489769820971867,0.93114702697173,5.2868717073860685,4.219780683517456,6.0604744727570665,0.979657189296487,0.905913382768631,0.9877381401012522,,,,,1.0,0.0,0.0,0.0,0.0,0.0,1.0,0.0,0.0,0.0,0.0,0.0,1.0,0.0,0.0,0.0,0.0,1.0,0.0,0.0,0.0,0.0,0.989233925695058,0.02,5.0,1.0,1.0,0.0,0.0,26,26,0,0,0,26,13,16,13,,,,,,,,,,,,,,,,,,,,,,,,,,,,,,,,,,,,,
m5_ft_jacobian_w1,ngsim_i80,mlp,driver,3,0,C:\Users\Город\Downloads\research_plans\cf-stability\runs\m5_ft_jacobian_w1\ngsim_i80\mlp\driver_fold3_seed0,fbce47fc6f52,jacobian,1.0,runs/e2_jacobian_w1/follownet_highd/mlp/driver_fold3_seed0,a86823fbc57d,12.0,2.0,True,12.0,early_stopping,48.09502039999643,4481,1523,0.11424819435325016,0.9180833342823318,5.540654349233161,4.522761344909668,6.296102625412015,0.9911679499785679,0.9118478894233704,1.000666096951091,1497,0.13360053440213762,0.9289746061292122,5.478650774012905,4.3630146980285645,6.516549696208218,0.9899160086551188,0.9164440035820007,1.0024634928030325,,,,,1.0,0.0,0.0,0.0,0.0,0.0,1.0,0.0,0.0,0.0,0.0,0.0,1.0,0.0,0.0,0.0,0.0,1.0,0.0,0.0,0.0,0.0,0.9915926976047236,0.02,5.0,1.0,1.0,0.0,0.0,26,26,0,0,0,26,13,16,13,,,,,,,,,,,,,,,,,,,,,,,,,,,,,,,,,,,,,
m5_ft_jacobian_w1,ngsim_i80,mlp,driver,4,0,C:\Users\Город\Downloads\research_plans\cf-stability\runs\m5_ft_jacobian_w1\ngsim_i80\mlp\driver_fold4_seed0,418b6d2dfe29,jacobian,1.0,runs/e2_jacobian_w1/follownet_highd/mlp/driver_fold4_seed0,facba3539d68,11.0,1.0,True,10.0,early_stopping,38.59949810001126,4481,1501,0.22251832111925382,0.9217237678655077,5.354484010386038,4.250637054443359,6.017033326802068,0.9739663705160266,0.9029836058616638,0.9666816712832951,1523,0.2035456336178595,0.9196062572857944,5.407657952408061,4.366677761077881,6.034050788712604,0.9855174534878915,0.9070259928703308,0.9873586376149018,,,,,1.0,0.0,0.0,0.0,0.0,0.0,1.0,0.0,0.0,0.0,0.0,0.0,1.0,0.0,0.0,0.0,0.0,1.0,0.0,0.0,0.0,0.0,0.9897145517605663,0.02,6.0,1.0,1.0,0.0,0.0,26,26,0,0,0,26,13,16,13,,,,,,,,,,,,,,,,,,,,,,,,,,,,,,,,,,,,,
